{
    "Macrel": {
        "ACC": 0.9354437379043407,
        "Recall": 0.5333080999242997,
        "MCC": 0.5398484235436479,
        "AUROC": 0.7573295034668963,
        "AUPRC": 0.5092288040917702
    },
    "AMP-Scanner-v2": {
        "ACC": 0.7764568549749639,
        "Recall": 0.8487887963663892,
        "MCC": 0.37632284191975524,
        "AUROC": 0.8808898837431691,
        "AUPRC": 0.4967175632426253
    }
}