{
    "Macrel": {
        "ACC": 0.738584217257203,
        "Recall": 0.49475524475524474,
        "MCC": 0.5173562059456933,
        "AUROC": 0.7229900428355843,
        "AUPRC": 0.6665640733876625
    },
    "AMP-Scanner-v2": {
        "ACC": 0.758895659369593,
        "Recall": 0.8235855054036872,
        "MCC": 0.5259680796633767,
        "AUROC": 0.8262351813695128,
        "AUPRC": 0.7899589438121759
    }
}