{
    "Macrel": {
        "ACC": NaN,
        "Recall": NaN,
        "MCC": NaN,
        "AUROC": 0.9032083334377123,
        "AUPRC": 0.9327337290694504
    },
    "AMP-Scanner-v2": {
        "ACC": NaN,
        "Recall": NaN,
        "MCC": NaN,
        "AUROC": NaN,
        "AUPRC": NaN
    },
    "amPEPpy": {
        "ACC": NaN,
        "Recall": NaN,
        "MCC": NaN,
        "AUROC": 0.7715499376546111,
        "AUPRC": 0.8430263946523517
    },
    "AMPlify": {
        "ACC": NaN,
        "Recall": NaN,
        "MCC": NaN,
        "AUROC": 0.9135227095759494,
        "AUPRC": 0.9420124870958757
    }
}