rank,combo,median_score,mean_score,score_iqr,median_rank,mean_rank,top3_frequency,mean_AUPRC,mean_MCC,mean_Precision,mean_Recall,worst_dataset_AUPRC,worst_dataset_MCC
1,C_AMPs-predict + esm-AxP-GDL + pepnet_standard,0.840206686558415,0.8351836234131536,0.04686060662122138,10.5,16.12,0.4,0.9808526905767977,0.862656622956921,0.9207953652557624,0.8864686197944001,0.9720955703264286,0.7773456399535232
2,esm-AxP-GDL + macrel + pepnet_standard,0.8359550985396241,0.8348997885634397,0.026058131958741737,7.0,14.04,0.26,0.9730461651577272,0.8405576278184338,0.8651497006808748,0.9037012139182806,0.9506052562849104,0.8000138551274077
3,C_AMPs-predict + esm-AxP-GDL + HMD-AMP,0.832319254810049,0.8383691872552287,0.04005132829248359,10.0,12.12,0.38,0.9716269758364356,0.8252201127499982,0.8402748120956957,0.8977972944828697,0.944714293637995,0.725554435442659
4,esm-AxP-GDL + HMD-AMP + pepnet_standard,0.8139958658588644,0.8245332244007352,0.06678562169066571,4.0,16.8,0.22,0.9653102547476982,0.7902528492738519,0.761392155958366,0.9301857188995707,0.9252198635752606,0.597777270447321
5,amplify_bal + esm-AxP-GDL + HMD-AMP,0.8052339512428512,0.8122670043256128,0.044390088688725515,15.0,19.44,0.0,0.9704899673398608,0.7917373810280454,0.7658036514362928,0.9348799604327551,0.9447731094938415,0.6459523304586293
6,amplify_bal + C_AMPs-predict + esm-AxP-GDL,0.7972464874040033,0.7902274872386438,0.07039570629799852,15.0,41.44,0.08,0.9770842611111727,0.8503053990464752,0.9100286977456898,0.8851883530848536,0.9655256332116446,0.7599518311594196
7,amplify_bal + esm-AxP-GDL + macrel,0.7972397015420751,0.7968002970051881,0.07275691379697713,20.0,33.6,0.0,0.9743608796939229,0.8378473350884956,0.8674657312708725,0.9068732505644399,0.9623689890456246,0.7948886952819647
8,esm-AxP-GDL + HMD-AMP + macrel,0.7950796812060865,0.8027456848985294,0.06087204030177695,20.0,26.08,0.12,0.9607946494834118,0.7847912321161584,0.7659506143470113,0.9180976399387936,0.911742772740075,0.5845351258906009
9,amplify_imb + C_AMPs-predict + HMD-AMP,0.7918446986509395,0.7925781653177286,0.01766063392156869,25.0,28.3,0.0,0.9552810850913521,0.8293790956039601,0.8706623874162672,0.878501123685802,0.9165627935335484,0.7840769030697644
10,amplify_bal + esm-AxP-GDL + pepnet_standard,0.7756399936928104,0.7793481785357844,0.057490422019505716,27.0,38.5,0.0,0.9667739052278601,0.788440121553962,0.7860722958505634,0.9130469267321364,0.9456473663194144,0.709572230708904
11,amplify_imb + C_AMPs-predict + pepnet_standard,0.7702485300868056,0.7647614082564543,0.04728154895118453,35.0,49.5,0.0,0.954060555081595,0.8157024615629896,0.8533642605250774,0.8783455714919617,0.9230718479075335,0.7590445707927955
12,AMPsorter + esm-AxP-GDL + pepnet_standard,0.7683662072089461,0.7851231223675244,0.14713888537275321,12.0,57.86,0.2,0.9707487739407158,0.8278876868578263,0.8382968065288506,0.9208750184227048,0.9419661970558393,0.7837005573410647
13,ascan2 + C_AMPs-predict + esm-AxP-GDL,0.7678667008884804,0.7618124017496322,0.06076958435661772,28.0,57.62,0.0,0.9613119544630742,0.7649793220967592,0.7643192946149219,0.8914978367794882,0.9340439660456052,0.5969545715700652
14,C_AMPs-predict + esm-AxP-GDL + macrel,0.7654706064726307,0.7487567940452615,0.10651346748263879,33.0,78.36,0.14,0.9819663554234488,0.8627126006698815,0.9669507045861372,0.8487677993266614,0.9755466585317553,0.7163513568194624
15,amplify_imb + C_AMPs-predict + esm-AxP-GDL,0.7651599704758987,0.777528018856822,0.17081224304483245,15.0,73.3,0.28,0.9832208345070126,0.850434795628303,0.8935720137768352,0.9225817944648709,0.9777183275613283,0.8047472916272763
16,ai4amp + esm-AxP-GDL + pepnet_standard,0.763767436761642,0.7671275128117239,0.027601776812193668,43.0,42.48,0.0,0.9606906498672928,0.7784252743092576,0.7795636112769063,0.8991642761336033,0.9273392472247275,0.6507963551001076
17,amplify_imb + HMD-AMP + macrel,0.763217923805147,0.7691081848872549,0.05471556883425244,37.0,44.56,0.0,0.9443146731741553,0.7894295535889332,0.788384198023309,0.8959576498897596,0.880302969241904,0.6428792564994733
18,ascan2 + esm-AxP-GDL + pepnet_standard,0.753182106541054,0.7567322288019608,0.0796418295297181,26.0,62.8,0.0,0.9534722480663617,0.7331788016859315,0.7091390851121746,0.9139109452761082,0.9114640830253581,0.49456077887536126
19,amplify_bal + AMPsorter + esm-AxP-GDL,0.7519032771262255,0.7669853550298202,0.1503192628089257,19.0,74.56,0.02,0.9688904510966131,0.8124129524085059,0.8203299432283622,0.9233697819740064,0.9426439680682406,0.7752426172803983
20,esm-AxP-GDL + HMD-AMP + pepnet_fast,0.7500205946977123,0.7645169326749591,0.10559273824091087,21.0,54.68,0.0,0.9672139101484031,0.7743388198156071,0.7514807176249488,0.9315625259928764,0.9391845958740132,0.6328513439925249
21,amplify_bal + HMD-AMP + macrel,0.7496641869505719,0.7464863806660947,0.07384607789011433,30.0,71.44,0.0,0.9379365820550984,0.7925132612989114,0.8110287465103868,0.8748039697962144,0.8802347853067863,0.6732883099821145
22,amplify_bal + C_AMPs-predict + HMD-AMP,0.7489777934140114,0.7395753914724673,0.05707375612387666,46.0,72.36,0.0,0.9472849823409794,0.8182540291732291,0.8763902177933572,0.8553258724895615,0.9114122102988559,0.7456030250071684
23,HMD-AMP + macrel + pepnet_standard,0.7474779742024102,0.7503856851169936,0.08783479348856216,23.0,70.92,0.1,0.9314416810996932,0.7826683401509108,0.7948871839727477,0.8750423110826014,0.849572783582178,0.6200081939328163
24,C_AMPs-predict + HMD-AMP + pepnet_standard,0.7460815116779004,0.7428642808456292,0.039079805330371586,40.0,66.22,0.0,0.9470482757307476,0.7969749221361636,0.8394835707545402,0.8545244626467622,0.8979632900561586,0.706076158031732
25,amplify_imb + HMD-AMP + pepnet_standard,0.7458189947150735,0.7552601673970998,0.04925517235498378,50.5,52.08,0.0,0.9407238272150188,0.7672144952942269,0.7564515656225783,0.9064191448676383,0.8771599392623404,0.6179308269691203
26,C_AMPs-predict + esm-AxP-GDL + pepnet_fast,0.7455879763143383,0.7449548190966503,0.113172246499183,40.0,78.86,0.0,0.9756467887528442,0.8395352148247995,0.9019888890449431,0.8830839928896115,0.9650651418927064,0.7664357363052621
27,amplify_bal + HMD-AMP + pepnet_standard,0.745268265292075,0.7437611441279413,0.06615834899458739,29.0,72.22,0.0,0.9344525499155415,0.7668097856397549,0.7655452669853609,0.8900131474809752,0.8739305998635152,0.6191252638060631
28,AMPsorter + macrel + pepnet_standard,0.7445475826736112,0.7466757090941586,0.019131244753880727,46.5,59.3,0.0,0.9376886664619679,0.8192589649138986,0.864644054544249,0.8639226297616696,0.8635921128348214,0.757253697149867
29,amplify_imb + macrel + pepnet_standard,0.7429700531015113,0.7436526009540032,0.005284212135416633,51.0,60.96,0.0,0.9435981140831257,0.790352741757132,0.8055192521498423,0.8868453656410044,0.8883685186222594,0.7041936695652806
30,amplify_imb + esm-AxP-GDL + pepnet_standard,0.7424697537040441,0.7571167255917076,0.14638915116932194,30.0,80.86,0.0,0.9738734848818749,0.7834571595814673,0.7692363635666958,0.9426681270650472,0.956071575893016,0.7281691571532534
31,ai4amp + amplify_bal + esm-AxP-GDL,0.7389598306515524,0.7382769745136845,0.041708733409926535,66.0,69.02,0.0,0.961887458210576,0.77354590908703,0.7727348054083804,0.9051059463333173,0.9413794788998835,0.6719712446694114
32,C_AMPs-predict + iampcn + pepnet_standard,0.7338866284803922,0.7411993224547385,0.06328929774407654,45.0,66.68,0.0,0.9626860277826723,0.7947702818247294,0.8031850254777885,0.8997142513139004,0.9273623427930398,0.7017936123898022
33,apin + esm-AxP-GDL + pepnet_standard,0.7334340686448122,0.7417815958624183,0.05946750064542494,61.0,66.64,0.0,0.9568148589149952,0.7396690376437807,0.7217569782794674,0.9099052248774724,0.9176205373061243,0.524944127721128
34,amplify_bal + AMPsorter + HMD-AMP,0.7320790622497958,0.7433723026393382,0.05677071078073925,56.0,64.96,0.0,0.9249528208459715,0.7911282904695506,0.8060749738704832,0.8848293651746927,0.8319562610901381,0.6820246964705524
35,AMPsorter + esm-AxP-GDL + macrel,0.7305054531862746,0.744465599110335,0.14795092420445255,35.0,91.2,0.0,0.9716857740346437,0.8325670581353521,0.871953342661499,0.9023618286317291,0.9461233346108531,0.8259214814429797
36,AMPsorter + HMD-AMP + pepnet_standard,0.730157394429126,0.7443742489432188,0.07945374044424003,51.0,68.92,0.0,0.9272760236449713,0.7796271772537526,0.7914315000760109,0.8815557816417305,0.8298036333211293,0.6393963653480518
37,amplify_imb + esm-AxP-GDL + macrel,0.7294968971650326,0.7438776692828433,0.17142721069750821,37.0,99.12,0.12,0.9796182222346251,0.8105486749462759,0.8263235543327653,0.9332116998369134,0.9693217960776612,0.758737733324235
38,amplify_imb + esm-AxP-GDL + HMD-AMP,0.7292923784538399,0.746646705797304,0.14232236578584578,38.0,82.7,0.0,0.976255519533452,0.774979604393308,0.7368142447354987,0.9599543975384165,0.9549999673837969,0.6458303101161138
39,esm-AxP-GDL + macrel + pepnet_fast,0.7286957762561276,0.731084435263848,0.12243777158037172,39.0,92.88,0.0,0.970989626811874,0.8134596738174208,0.8513892091193028,0.8955848298917953,0.9579269804290327,0.7740104717006522
40,amPEPpy + C_AMPs-predict + HMD-AMP,0.7278745813745916,0.7191389441408088,0.05299033752604154,75.0,92.64,0.0,0.9464532024213526,0.8164233162141706,0.8727361471729259,0.8579504372069456,0.9066101125964507,0.7435810081685442
41,amplify_imb + ascan2 + C_AMPs-predict,0.7251301882475489,0.7130994419596405,0.07760631884906033,46.0,106.16,0.0,0.9369286277233182,0.7880590510848876,0.8071277530620091,0.8804014970165497,0.9008779681619155,0.7073814501052217
42,C_AMPs-predict + HMD-AMP + pepnet_fast,0.7243514686672794,0.7176296850600081,0.04255994283292486,80.0,92.22,0.0,0.9457666354891053,0.8077879112711727,0.8620503661326967,0.8560399094760767,0.9091373426445762,0.7474467469006529
43,esm-AxP-GDL + pepnet_fast + pepnet_standard,0.7223847951399102,0.730116524554902,0.10935106836958741,43.0,88.86,0.0,0.9645575400527573,0.7760301188264901,0.783383199682879,0.9047597228417228,0.9433352634543829,0.7153299764836292
44,amplify_bal + macrel + pepnet_standard,0.721616397175245,0.707158561493219,0.09819135582618477,44.0,113.64,0.0,0.9348671319439438,0.7879208887928931,0.8152378873337159,0.8684386354581178,0.8846326984573216,0.7068829943022282
45,esm-AxP-GDL + lstm + pepnet_standard,0.7189503239971407,0.7347396701598856,0.1018046805249182,45.0,78.54,0.0,0.9739356029048771,0.7401143493308341,0.7046002880963319,0.9447635549086056,0.9594900591788865,0.5387575180899147
46,AMPsorter + esm-AxP-GDL + HMD-AMP,0.7185427606821895,0.7394130316805965,0.15303534681321485,46.0,91.42,0.06,0.9609922793921601,0.7826942603063868,0.7655417357908307,0.9265566505657817,0.9121466628787318,0.6394958897374362
47,amplify_bal + AMPsorter + pepnet_standard,0.7174644055463644,0.719752812531536,0.01730236622395831,88.0,85.28,0.0,0.9263844264511958,0.7839961099659224,0.8026875770884486,0.880674850639927,0.845858565780898,0.6965962098888278
48,amplify_bal + C_AMPs-predict + pepnet_standard,0.7156897708803105,0.6969176976507353,0.10359680195006116,72.0,129.72,0.0,0.9443045973039158,0.7977298625410526,0.8457069305498961,0.8563232890907072,0.9141176666451726,0.7116991492798554
49,ai4amp + esm-AxP-GDL + HMD-AMP,0.7140670456617648,0.726070149801593,0.08324502925653587,49.5,87.96,0.0,0.9439475035020456,0.7257975242262106,0.7100429298784524,0.9079327463605283,0.877481930182745,0.4669877951320649
50,lstm + macrel + pepnet_standard,0.7137745671466504,0.7139092869843546,0.05269492556066169,52.0,97.7,0.0,0.9352404293053395,0.7498729255850781,0.7494665347604914,0.8896269051493472,0.874820891932505,0.5670655653872833
51,AMPsorter + esm-AxP-GDL + pepnet_fast,0.7130649803176062,0.7323372215986521,0.18713610785743462,51.0,116.8,0.0,0.965874092630744,0.7951478002006279,0.8085138591607833,0.9192275961333349,0.9397640988233004,0.7734025063769473
52,amplify_bal + apin + esm-AxP-GDL,0.7127998490318628,0.7163021358726716,0.02550502740400329,93.0,91.5,0.0,0.9581171035942811,0.7365173285203931,0.7162824205669208,0.9143636283757915,0.9293108995529552,0.5547233320913201
53,amPEPpy + HMD-AMP + pepnet_standard,0.711744099940768,0.7169888638174428,0.05136027152522449,82.0,95.06,0.0,0.9283464967597722,0.759191653481189,0.7485062599947782,0.8992364751015568,0.8524474543558566,0.5915616093163035
54,amplify_imb + lstm + pepnet_standard,0.7097344476991421,0.7206151676280637,0.08551762235549432,54.0,89.78,0.0,0.9501554617930058,0.7536701608470647,0.7315523443088118,0.9273365641870122,0.9114584640432453,0.6167924339179096
55,apin + C_AMPs-predict + esm-AxP-GDL,0.7090542200990604,0.7099811420386439,0.023826296782067047,94.0,96.36,0.0,0.9608561612262605,0.7658634679765419,0.7875838442638966,0.8723486147821259,0.9330199656430169,0.639378113076844
56,apin + esm-AxP-GDL + macrel,0.7084694093382353,0.7137978541678105,0.06669127256791241,73.0,101.42,0.0,0.9430868362272479,0.7274493923765087,0.7166137976361746,0.9026362758946762,0.8800851569369792,0.47174127707351965
57,ascan2 + esm-AxP-GDL + HMD-AMP,0.7078397883241421,0.7152378128997551,0.14544535325265506,57.0,125.62,0.1,0.9401898603632667,0.687981936063426,0.6596353797465153,0.9264517073365686,0.8707748060032386,0.34414656947887723
58,AMPsorter + C_AMPs-predict + esm-AxP-GDL,0.7072818558139298,0.7192336632334967,0.16083884841962814,58.0,116.4,0.0,0.9764856228287021,0.8370571254395621,0.9127168197680281,0.8741576894079494,0.9637474097274714,0.7945455015939881
59,ai4amp + esm-AxP-GDL + macrel,0.7057454857066994,0.7017715656383171,0.02344312306270424,103.0,108.7,0.0,0.9503588362108463,0.7666738540723257,0.7833190019174614,0.8758224598796231,0.9008851961595603,0.6332134517232698
60,HMD-AMP + macrel + pepnet_fast,0.7052373849765114,0.7035244059517567,0.05810556062448935,68.0,110.76,0.0,0.9349318001732314,0.7748669351878341,0.7974521416750834,0.8655095238620828,0.8726485491426165,0.6516557057001884
61,amPEPpy + C_AMPs-predict + esm-AxP-GDL,0.704826628957312,0.7093943440868464,0.17596468061785142,61.0,131.86,0.0,0.9785725739148416,0.8307135308358732,0.8809316600407469,0.9056420764406446,0.9650068078357259,0.7815748153482677
62,amPEPpy + esm-AxP-GDL + pepnet_standard,0.7042480575776144,0.7133021790343546,0.1372486070741421,63.0,115.58,0.0,0.9683797305204639,0.7701198898192433,0.7539760892965935,0.9401404316889712,0.9529429317938662,0.7133443931688654
63,amplify_bal + lstm + pepnet_standard,0.7041132795281861,0.7005862862656045,0.021655260507557172,102.0,110.46,0.0,0.941340348495968,0.7479666441311529,0.7398351053106943,0.9017192389163128,0.9029217355593411,0.6106296529998105
64,amplify_imb + AMPsorter + esm-AxP-GDL,0.7032344343729575,0.7252122102191585,0.21691623158292495,64.0,135.46,0.34,0.970124589111431,0.7906689377352235,0.7901568145943063,0.9455147785260841,0.9506771469067141,0.7150842285918996
65,AMPsorter + HMD-AMP + macrel,0.7030470814419935,0.7137233266677696,0.07856593114634414,66.5,102.66,0.0,0.9252652085206865,0.7824789410052183,0.8061133296828956,0.864609399341551,0.823928147242443,0.6432542875827166
66,ascan2 + esm-AxP-GDL + macrel,0.7018696910426879,0.7016858725234476,0.10740110863306795,66.0,122.76,0.0,0.938319501713853,0.7137993246486092,0.702259411151159,0.8999675313128271,0.8701705470023309,0.4436393417925902
67,C_AMPs-predict + pepnet_fast + pepnet_standard,0.6999522937285539,0.6871482809196487,0.08031235316176466,90.0,133.52,0.0,0.9433226484657826,0.7995056328408889,0.8501914128907554,0.857707512156821,0.9120417514981379,0.7315085145065637
68,C_AMPs-predict + macrel + pepnet_standard,0.698648627521446,0.6812152178864787,0.09710882420700584,93.0,148.64,0.0,0.9542237932995943,0.8327170491871065,0.9438910534940806,0.8200166109134118,0.9232663075867733,0.7081164573378376
69,amplify_bal + AMPsorter + macrel,0.6973923476889298,0.6973050755632761,0.006513500691380791,106.0,112.82,0.0,0.9354643585269572,0.8019598482231839,0.8502852479660007,0.8565546371435923,0.8698519318395234,0.7455649200577993
70,ascan2 + C_AMPs-predict + pepnet_standard,0.697342844535335,0.6823078124594771,0.12069786348958333,70.0,148.18,0.0,0.9305389958199205,0.7756262117287407,0.7960964896751612,0.8664888405840699,0.8869941885981928,0.6496889847837548
71,amPEPpy + C_AMPs-predict + pepnet_standard,0.6969745176725899,0.6795572216406863,0.0948753336672794,121.0,149.38,0.0,0.9464524721901437,0.7921760849458647,0.8384784204336939,0.8560346677972418,0.9185940137538159,0.7070622721114082
72,ai4amp + C_AMPs-predict + esm-AxP-GDL,0.6967124665767974,0.687929125427492,0.08001935893790857,78.0,134.98,0.0,0.9645929758786093,0.7970664592527953,0.8621203642317834,0.8446867058082864,0.94390143616949,0.7190273813018534
73,HMD-AMP + pepnet_fast + pepnet_standard,0.6951494685896651,0.699082753603799,0.03281290893229172,108.0,113.6,0.0,0.9306424125118867,0.7542732484691405,0.7601432318032497,0.8814882602192718,0.8655833613482783,0.6056246870460382
74,AMPsorter + C_AMPs-predict + pepnet_standard,0.6949200540502452,0.6945720460529411,0.038201044355085756,118.0,117.84,0.0,0.9503570592478985,0.8172531661161176,0.8990541148267358,0.837416756967678,0.9020316492014719,0.7576269905838665
75,amplify_bal + ascan2 + esm-AxP-GDL,0.6942348001787173,0.6909445009970997,0.04655372731719776,96.5,125.12,0.0,0.9540865013079228,0.7156525844275916,0.6937434393796168,0.9119930015724315,0.922951177937359,0.5194189481236521
76,amplify_imb + AMPsorter + pepnet_standard,0.6932653092177288,0.7108298397968954,0.13561597787275337,76.0,115.56,0.0,0.9304196788809048,0.7820034412875444,0.7908385194241387,0.899640723530586,0.8478359337541383,0.700709758619083
77,amplify_bal + C_AMPs-predict + macrel,0.6894362956107025,0.6659719233363561,0.12368059301521661,107.0,173.42,0.0,0.9501794678717395,0.8372745870025283,0.95486715620618,0.8198150335186822,0.9233703134309307,0.6875979934376405
78,HMD-AMP + lstm + pepnet_standard,0.6891149101746324,0.697553950309232,0.10581078793913379,79.0,131.02,0.0,0.9301871765235338,0.6977757959433127,0.6771539764060636,0.9106769578438737,0.8560073541532164,0.40569655241518743
79,amplify_imb + C_AMPs-predict + macrel,0.6884414824969363,0.6751107578566585,0.08679328306678913,96.0,149.82,0.0,0.9627009133809424,0.8330355369712565,0.9441556253666293,0.8263073368137906,0.9421907800474428,0.706009926240905
80,ai4amp + amplify_imb + pepnet_standard,0.6878301603850081,0.6887445776439134,0.0211143833680556,127.0,123.24,0.0,0.9290114881737837,0.7578173975661011,0.7658974457987705,0.885219110615655,0.8647987196782434,0.6382049855911762
81,amplify_imb + AMPsorter + HMD-AMP,0.6875473432935049,0.708370175990809,0.1407404252905432,81.0,118.34,0.0,0.9267034057221638,0.7832208388253079,0.7886446067964776,0.9002440461028233,0.8278382698812943,0.6800679752646432
82,amplify_bal + esm-AxP-GDL + lstm,0.6874023237612337,0.7014253521921161,0.10790478435457507,81.0,117.78,0.0,0.974512771661832,0.7333388944359384,0.6998614436351035,0.9440541016858282,0.96198059885175,0.5621533295758562
83,AMPsorter + ascan2 + pepnet_standard,0.6868133122222222,0.6921533350531045,0.09827246303359882,83.0,135.26,0.0,0.9126423634454173,0.7463812436705721,0.7391297953518579,0.8886915331160338,0.8130225448848026,0.5452061120889727
84,amplify_bal + ascan2 + C_AMPs-predict,0.6860019011039624,0.6612208616458334,0.156805651260723,84.0,183.76,0.06,0.9279463162402609,0.7858262630987025,0.814914328567348,0.8662550830614203,0.8907247220056368,0.7045192746111393
85,AMPsorter + C_AMPs-predict + HMD-AMP,0.6853428544475081,0.689483800503799,0.032470048069852875,113.0,123.64,0.0,0.9392523146359459,0.8057597039179011,0.8777176664837669,0.8366131728309055,0.8690912335573229,0.7636564932128896
86,amPEPpy + esm-AxP-GDL + HMD-AMP,0.6851615889419935,0.7015715399792483,0.133935063589665,85.0,126.46,0.0,0.9689079216855063,0.7534895643608158,0.7131472761404304,0.9579929318853718,0.9417378941375698,0.6082337616995179
87,amplify_bal + amplify_imb + HMD-AMP,0.6850830688511029,0.6871058107723446,0.01519000012612337,136.0,127.56,0.0,0.9337623819717248,0.7459544152699825,0.7356067829021712,0.9032396922486708,0.8745615223825675,0.6164853030762765
88,iampcn + macrel + pepnet_standard,0.685039990071487,0.6986945802839053,0.07611917922487743,88.0,118.86,0.0,0.9488760923632772,0.7584329622702853,0.7343564968525172,0.9242037946840315,0.8844280590717936,0.5902361308621326
89,ampir + esm-AxP-GDL + pepnet_standard,0.6846783468607026,0.6909536607738156,0.04118716887050666,115.0,123.4,0.0,0.9569600475329447,0.7345298727504264,0.7075217996978678,0.9263268188917723,0.92694421853128,0.5565376527246696
90,ai4amp + AMPsorter + pepnet_standard,0.6844253143331291,0.6913031869336193,0.03549007839613949,124.0,125.12,0.0,0.9176315216567749,0.7825713036632562,0.8159788386464548,0.8610330204846051,0.823115198676425,0.6765724214363306
91,AMPsorter + ascan2 + esm-AxP-GDL,0.6831312976143791,0.7001610221923612,0.09045739811172393,92.0,122.94,0.0,0.9468624020312522,0.725344043433931,0.7016385954899095,0.9170533050458697,0.8804697696750662,0.5006842681475913
92,C_AMPs-predict + lstm + pepnet_standard,0.6829294240910948,0.6763940985114787,0.06236221265624997,103.0,146.26,0.0,0.9473967559750252,0.7780028180044049,0.8203001620741746,0.8588561323638607,0.9220575363716622,0.7142403505181172
93,AMPsorter + HMD-AMP + pepnet_fast,0.680875249493464,0.695293669398325,0.08720698129799842,94.0,123.08,0.0,0.9234558345143719,0.7767563158279346,0.7943103353564211,0.8790744404240926,0.82942789438855,0.6694278521311654
94,ai4amp + amplify_imb + esm-AxP-GDL,0.6807724666462418,0.69771420358701,0.162049889593035,93.0,141.7,0.0,0.9688313821279303,0.7565921165016444,0.7434584094190501,0.9336091902082323,0.9502207301702607,0.6711112999732307
95,ai4amp + AMPsorter + esm-AxP-GDL,0.6798325487387664,0.6978965404882761,0.16459169645322702,96.0,142.44,0.0,0.9593509815512892,0.7747016756081931,0.7876101481904675,0.8990633871618977,0.9213540294212355,0.6946525803490868
96,amplify_bal + C_AMPs-predict + iampcn,0.6798111216789217,0.6821305906376225,0.0805238302006741,109.0,139.36,0.0,0.9571873938430021,0.7736951386137568,0.781763368892113,0.8997853696274506,0.9304528793761118,0.7058253416961299
97,ascan2 + C_AMPs-predict + pepnet_fast,0.6790704764613971,0.659873594595915,0.1238421679702818,97.5,180.2,0.0,0.9274836496772543,0.7791025789784847,0.8060715256241234,0.8661606231898767,0.8933596640030548,0.6892874229010972
98,amPEPpy + ascan2 + C_AMPs-predict,0.679034136000817,0.6547689802854983,0.14975867163960388,98.0,191.74,0.0,0.927592609926433,0.7823619386557135,0.8073641156697994,0.868768604406978,0.8919223013276931,0.6996123505323084
99,amplify_imb + ascan2 + pepnet_standard,0.6788181992442811,0.6757824370823937,0.07560444841758573,99.0,148.44,0.0,0.925560740024754,0.732919731528087,0.7168988814031266,0.9012294629674237,0.8610975830672456,0.556521480366735
100,amPEPpy + AMPsorter + esm-AxP-GDL,0.6784963654646651,0.6978987783236519,0.2086215208261848,101.0,161.9,0.0,0.9677492445767898,0.7775265453592294,0.7764971602293237,0.944777728939124,0.9472894191728229,0.7041028153261575
101,C_AMPs-predict + HMD-AMP + macrel,0.6778933529360702,0.6666093540374183,0.07091395849162596,105.0,161.9,0.0,0.9454223000546683,0.8066671931371191,0.8996107072634402,0.8174687351459614,0.8926839970712768,0.7129206647808194
102,amPEPpy + HMD-AMP + macrel,0.677148705498366,0.6811905438378676,0.08057349769454647,102.0,145.4,0.0,0.927467106362737,0.7620281134919035,0.7666835196406646,0.8764287084426883,0.8445268817300264,0.5816377240457363
103,ascan2 + esm-AxP-GDL + pepnet_fast,0.6770524964287175,0.6814034520178106,0.03197570907015934,148.0,139.34,0.0,0.9518759304286938,0.7111870531484902,0.6863959902886284,0.9171452616658916,0.9177273588281252,0.5072329155873785
104,C_AMPs-predict + iampcn + macrel,0.6744985801756536,0.670786828049469,0.06379930021701374,154.0,155.02,0.0,0.9662991112718312,0.8194877098536804,0.8807154808401426,0.8637092878061857,0.9370274302401869,0.744107781702437
105,lstm + pepnet_fast + pepnet_standard,0.6737500411785131,0.6750207593512663,0.020295919864174783,150.0,147.44,0.0,0.9353381050083245,0.7422031564714465,0.7378007757998448,0.8975261151534655,0.8904884333679962,0.6020071634400942
106,amPEPpy + AMPsorter + pepnet_standard,0.6733473465778186,0.6823215114441177,0.06206939233353759,106.0,138.06,0.0,0.9236805853497865,0.7762702303579166,0.7869558649278655,0.885905645019745,0.8352228514103475,0.6744280545723271
107,ai4amp + amplify_imb + HMD-AMP,0.673252769830474,0.6824046406656453,0.06954044060661779,113.5,142.64,0.0,0.9268354623555277,0.7263147216697595,0.7191670946647909,0.8926913885478479,0.8483967996127372,0.5050579512708386
108,ai4amp + amplify_imb + C_AMPs-predict,0.6719547472753268,0.6654603272345999,0.058780910402879916,109.0,161.26,0.0,0.9434565718577862,0.8020288675039463,0.8734993810578969,0.8374623594292615,0.9105179841954103,0.731736871361341
109,amplify_bal + HMD-AMP + lstm,0.6715298173794935,0.677098095529085,0.06404085446895413,121.0,148.98,0.0,0.9383854498604539,0.6911729103952237,0.6655467786554677,0.920777726342091,0.8864373875007802,0.4190475519272053
110,macrel + pepnet_fast + pepnet_standard,0.6711057954993871,0.6633995670921977,0.0450410544556783,134.5,161.74,0.0,0.9325785660134834,0.7769280703888944,0.811432475972763,0.8599922824827725,0.8794307929771824,0.6989692221337364
111,esm-AxP-GDL + HMD-AMP + lstm,0.671042617956495,0.6888650254862337,0.10232423958486503,111.0,140.78,0.0,0.9571886576149097,0.6900814589547603,0.6509020336683675,0.9523140381696081,0.9133420650105665,0.3762730070624646
112,AMPsorter + pepnet_fast + pepnet_standard,0.670194528340482,0.6778261168281864,0.06402376663756115,113.0,145.0,0.0,0.9229390785452205,0.7774831632688493,0.8028404979155566,0.874222143445546,0.8388021161950332,0.6972183730797277
113,amPEPpy + lstm + pepnet_standard,0.6698218601868873,0.671537411924224,0.035311288184231904,153.0,151.88,0.0,0.9390912133580791,0.7397307289483125,0.721942619971188,0.9172979816506613,0.8954046589356454,0.5978420986548466
114,amPEPpy + AMPsorter + HMD-AMP,0.6693252221885211,0.6848161637913808,0.08438550190002059,114.5,141.32,0.0,0.9187428519391516,0.7802648220133034,0.7908669466401705,0.8840117007891589,0.8109095432737585,0.6567213968404975
115,amplify_bal + AMPsorter + C_AMPs-predict,0.668500275700572,0.6633806816854575,0.05560295395731196,132.0,165.32,0.0,0.9433683276675925,0.8070274091455544,0.8833980286596499,0.8376749496878907,0.9008093744300003,0.7395691614020372
116,ai4amp + esm-AxP-GDL + pepnet_fast,0.6668911209344363,0.6714657862099672,0.09823362892105814,116.0,157.9,0.0,0.9563547964514137,0.7511335426043241,0.7562551854539402,0.8968028168577181,0.9320483993333273,0.6531416495320979
117,apin + esm-AxP-GDL + HMD-AMP,0.6654199527706292,0.6788184549107844,0.1151760085008171,118.0,157.96,0.0,0.9412584097798193,0.685668222153882,0.667205090685755,0.9152172919709614,0.8735354960614369,0.361237605136868
118,amPEPpy + macrel + pepnet_standard,0.6652692811121323,0.6582783272915033,0.05637255104524108,117.0,169.66,0.0,0.928264088186407,0.7727439485042987,0.7920186560828567,0.8700701321623022,0.8614135110738661,0.6724170755262087
119,ascan2 + macrel + pepnet_standard,0.6643131622610294,0.6556402247563726,0.16176656553819435,119.0,196.0,0.04,0.9123921362493767,0.7369256011194228,0.733320650485276,0.8798607831454849,0.8285924290438559,0.5106679796889216
120,amplify_imb + AMPsorter + macrel,0.6632335217034313,0.679411958940196,0.12623277114174836,121.0,153.14,0.0,0.9384440273896312,0.7930333508130749,0.8237541698331973,0.8800789440404975,0.8684606630716941,0.7344008091032808
121,ampir + C_AMPs-predict + esm-AxP-GDL,0.6632055385334967,0.6626828245446079,0.07575872326388877,150.5,166.82,0.0,0.9637004433741928,0.7724516130810476,0.7911373087801943,0.885708886564544,0.9484743915648858,0.6985016324440949
122,amplify_imb + AMPsorter + C_AMPs-predict,0.6629334404656863,0.673292201226348,0.12272631721609473,122.0,160.98,0.0,0.9489308416065813,0.8043785935929256,0.8657058251468815,0.8592215363890171,0.9062604134756891,0.7800077972923156
123,amplify_imb + HMD-AMP + pepnet_fast,0.6627322918321079,0.6721799786280637,0.07516430968954246,123.0,153.86,0.0,0.9360406078724076,0.7435557443671836,0.7359266365547544,0.9040485180642781,0.8778561156903231,0.624471515361532
124,AMPsorter + lstm + pepnet_standard,0.6617485687234477,0.6783901593551062,0.10525713672079251,124.0,151.5,0.0,0.933006906537837,0.7463020841770168,0.7412425596070514,0.8984371457709729,0.8610191005627834,0.5857323076955687
125,amPEPpy + amplify_imb + HMD-AMP,0.6615680767218137,0.6708627550715687,0.07169923176419535,125.0,156.04,0.0,0.9344786988361871,0.7498899515016976,0.7321473156330888,0.9157691124876829,0.8681166885150771,0.6146031541306258
126,C_AMPs-predict + esm-AxP-GDL + lstm,0.660758324624183,0.6739685103665035,0.12209066069852947,126.0,161.42,0.0,0.9710156110234492,0.7417715531537574,0.7464414997536313,0.8987602628803653,0.9613790356317887,0.6153556436010037
127,C_AMPs-predict + macrel + pepnet_fast,0.6596077529707925,0.6388768997200571,0.11625312490298223,166.0,206.92,0.0,0.9489260666073506,0.8283533556255774,0.9476173804800249,0.8154394191129096,0.9270074069395652,0.6854872761190081
128,amplify_bal + lstm + macrel,0.6595180945853759,0.6557643524302695,0.024765468409415847,175.5,174.16,0.0,0.942411398154897,0.7400137973196608,0.7436172175704329,0.8887002779042028,0.909986104615041,0.6006104214135234
129,ai4amp + amplify_bal + pepnet_standard,0.6594792283843953,0.6489798130534722,0.07059394479575165,128.5,184.7,0.0,0.9195208592607035,0.7523626903100483,0.7677250550635341,0.8708187587465015,0.8583526869005749,0.631622625130532
130,amplify_imb + C_AMPs-predict + lstm,0.658716981625817,0.66303038554567,0.14982234794628269,130.0,182.5,0.0,0.9522276929697644,0.7935576987498368,0.8407044888814852,0.8771284776169276,0.9346880577969261,0.7565971037295823
131,amplify_bal + AMPsorter + lstm,0.6571735831760621,0.6680185304892157,0.09389654880310472,131.5,163.78,0.0,0.9300299634639578,0.751521381853685,0.751569950295837,0.8998019531277334,0.8645007329043544,0.6308614327302415
132,amplify_imb + ascan2 + esm-AxP-GDL,0.6569435111693218,0.671375738984763,0.09871609281760618,132.0,159.62,0.0,0.9620853415327112,0.7038818645142279,0.6647942570434019,0.9473811263924877,0.9311208082449324,0.5126084021328363
133,amplify_imb + apex1.1 + HMD-AMP,0.6567829753267973,0.6553959283988969,0.009959973471201033,177.0,174.44,0.0,0.9257349416609033,0.8121398984975516,0.8802826942259013,0.8371812478903613,0.8363009566366688,0.7573461927723654
134,esm-AxP-GDL + lstm + pepnet_fast,0.6565566982587827,0.6746652211629492,0.14172860150837419,134.0,162.18,0.0,0.971776262698052,0.7168679301685755,0.6859814030500603,0.9436498532567987,0.9612576342692893,0.5525345633458312
135,C_AMPs-predict + HMD-AMP + iampcn,0.6562296355014298,0.6748159309142565,0.10588398297743062,135.0,161.06,0.0,0.9515929646587994,0.7214428334013415,0.7014256778980221,0.9123550438822878,0.8956562297945359,0.4494685298008666
136,amplify_bal + ascan2 + pepnet_standard,0.6548854454810049,0.6404201215292075,0.13770347134957106,136.0,210.52,0.0,0.9177285681786177,0.7355263999878411,0.7281675795414811,0.885029297781679,0.8582098159604862,0.5555737443339084
137,ai4amp + amplify_bal + HMD-AMP,0.6535810698080065,0.6527874202781047,0.07972017200214465,137.5,183.26,0.0,0.9204770392809829,0.721195789178251,0.7241077665527479,0.8774036765767294,0.8485386970832494,0.5100420011250932
138,amplify_imb + esm-AxP-GDL + pepnet_fast,0.6535801056392974,0.6705462601356618,0.17806670026348026,138.0,183.06,0.0,0.9645102368400477,0.7232359339154598,0.7145990530671593,0.9335954389170199,0.9473856116255003,0.679373088270113
139,ai4amp + amplify_bal + macrel,0.6529676026970996,0.6391274922618464,0.10163311226613547,139.0,203.94,0.0,0.9214786180627156,0.7723040920645233,0.8153374124307525,0.8432859930236472,0.8658367032565025,0.673185238833377
140,ai4amp + C_AMPs-predict + pepnet_standard,0.6523758622365197,0.6396801480949346,0.06855479456801461,166.5,200.54,0.0,0.9363820447923258,0.7857761124514601,0.8595108106769801,0.8236377337681633,0.8981362588274082,0.7188184630174743
141,amplify_imb + apin + esm-AxP-GDL,0.652072569598652,0.6703889483035949,0.13511012268024924,141.0,167.92,0.0,0.9644972813044549,0.7205133511523568,0.6870836624454867,0.9417648413778964,0.9358473527446162,0.5478409666299825
142,ai4amp + HMD-AMP + pepnet_standard,0.6516437361948528,0.6565300416812092,0.10584312685151143,143.0,184.54,0.0,0.910327604313446,0.7190839274968178,0.7288277706662605,0.8658846595480542,0.8111595582515099,0.4816563089094308
143,ai4amp + macrel + pepnet_standard,0.6515329373651961,0.6421492841975899,0.09239593216196884,142.0,200.02,0.0,0.9171882604870406,0.764935864280222,0.8065268696267732,0.8378872109889711,0.835403914404805,0.63723106897767
144,amplify_bal + amplify_imb + esm-AxP-GDL,0.6508645446783088,0.6648614847654004,0.15454860430964046,144.0,184.34,0.0,0.9633403531187161,0.7148616144558056,0.6990945785040638,0.9341383270820578,0.9453003458866679,0.6456696875327704
145,amplify_imb + HMD-AMP + lstm,0.6503613439297384,0.6653786096238972,0.07983218175398288,146.0,169.78,0.0,0.9460739513426132,0.6870152723162845,0.6513351193658098,0.9387130156310383,0.8940212858465874,0.41617849657400113
146,amplify_bal + C_AMPs-predict + lstm,0.6503269081209151,0.6391423682754493,0.10197993995506538,145.0,204.78,0.0,0.9439403653399804,0.7899966347613822,0.8464670999128115,0.8576982508475887,0.915906151836401,0.7133612993308474
147,amplify_bal + AMPsorter + ascan2,0.649483745219567,0.6459660493524509,0.0870824557388683,147.0,194.68,0.0,0.9044904232266197,0.7433813517414302,0.7434256565539225,0.8808199194760976,0.8019815849410763,0.5822462320968258
148,amplify_imb + AMPsorter + lstm,0.6479892482669526,0.6685269755723448,0.1664750555667892,148.0,177.68,0.0,0.9342494729446921,0.7422959205457947,0.7299464487289716,0.9211381238642037,0.871556853474597,0.6201098868087006
149,esm-AxP-GDL + lstm + macrel,0.647775928247549,0.6638859015833334,0.10521811836550243,149.0,174.56,0.0,0.9581652163008494,0.7066152797712363,0.6898925408462278,0.9219023470760398,0.9234534534602012,0.47390347090249324
150,ai4amp + amplify_bal + AMPsorter,0.6464045219301471,0.649267758250531,0.030289376109068678,183.0,186.62,0.0,0.9166229846156244,0.7724893577118251,0.8072679768863696,0.8595748468958707,0.8338009127722682,0.6813821183504899
151,amplify_imb + apin + pepnet_standard,0.6456308153574346,0.6510647012558007,0.035159839789113634,187.0,183.32,0.0,0.9267140877415074,0.7331033571904473,0.7255359302735087,0.8946316869368722,0.8647003065966324,0.5665619622159481
152,AMPsorter + C_AMPs-predict + pepnet_fast,0.6450928222998366,0.6421197345641338,0.06762066288143398,198.0,198.22,0.0,0.9428285083458116,0.8029265292314545,0.879391459218145,0.8371875832087659,0.8993531708470374,0.7387836806893178
153,apin + esm-AxP-GDL + pepnet_fast,0.6448753545108252,0.6562149203767974,0.07977777272926889,154.0,182.62,0.0,0.9545102114186621,0.717865509575106,0.7048600687490237,0.9069524427658952,0.9222457830086284,0.5427503324407027
154,amplify_imb + ascan2 + HMD-AMP,0.6445882610079656,0.6463446190808007,0.1487019938648897,154.5,207.32,0.0,0.9213935285493856,0.6779445180862864,0.6558368840151269,0.9086296357134206,0.8413028697998778,0.3743441802245191
155,AMPsorter + ascan2 + C_AMPs-predict,0.6443677525908905,0.641837000666054,0.041396310392156965,177.0,196.08,0.0,0.9197762928300593,0.7747137011881401,0.814992058708388,0.8465789922659628,0.8482988109504228,0.6648710080674036
156,amplify_bal + amplify_imb + C_AMPs-predict,0.6432983552216095,0.6334185484048203,0.07837735581188743,156.0,213.48,0.0,0.9423764509360852,0.7562314193118963,0.778034032192117,0.8729068643990093,0.9142091692330003,0.6856449102148839
157,amPEPpy + ascan2 + pepnet_standard,0.6428222683210784,0.6297511835877042,0.12511764461294939,167.5,224.66,0.0,0.9087393338795042,0.7280951532344476,0.7131895802400966,0.8952086005662543,0.8313793715966371,0.5377347406880936
158,ai4amp + ascan2 + esm-AxP-GDL,0.642515946364379,0.6379784547215278,0.12852199227481598,158.0,213.54,0.0,0.9247553935262056,0.677221140652473,0.665032592783426,0.901922238908161,0.849613362418267,0.3836997364300728
159,amPEPpy + esm-AxP-GDL + macrel,0.6417948021200981,0.6522735017700572,0.1785242845424837,159.0,208.1,0.0,0.9664902253231603,0.7631537037415139,0.7853870801286355,0.911510547814593,0.9482201401603424,0.728182073341522
160,AMPsorter + macrel + pepnet_fast,0.6416200659415849,0.6430333537696079,0.04333015168709142,189.5,198.62,0.0,0.9333493028705767,0.7877629808657672,0.8402658551458861,0.8497022652839196,0.8655240850692926,0.7383196938505435
161,ascan2 + HMD-AMP + pepnet_standard,0.6409081565492238,0.6403470246890932,0.18718412083843938,161.0,220.92,0.0,0.9112229993575177,0.6844668701615236,0.6719068026623081,0.894344910979831,0.8202573599623391,0.37193649202239476
162,amplify_bal + apin + pepnet_standard,0.639422557381536,0.6330205768641748,0.07550476708435461,192.0,213.44,0.0,0.9189599421796549,0.7363708571891322,0.7372618957605342,0.8800371736457967,0.8609084773770679,0.5710324637217705
163,ai4amp + amplify_imb + AMPsorter,0.6394126762448937,0.6571496072178103,0.14123385311580883,163.0,189.14,0.0,0.9206921165278796,0.7695066357577441,0.793996201451275,0.8781248005785036,0.8330989153403621,0.6835542114448487
164,ampir + amplify_imb + C_AMPs-predict,0.6390001788531454,0.6356079722131944,0.059206166270935334,204.0,210.14,0.0,0.9421657453998211,0.7871445746560405,0.8276211591418444,0.8665471006972961,0.9166628783692297,0.7426290075503725
165,amPEPpy + amplify_bal + HMD-AMP,0.6388709862847222,0.6314881134376226,0.04895906093392555,165.5,211.48,0.0,0.9229059696005028,0.7328520092548093,0.7247932266367783,0.8945875070724069,0.8586765036299363,0.5944476756521251
166,apin + C_AMPs-predict + pepnet_standard,0.6382482855647467,0.6290625779404412,0.05707730390063315,168.5,218.22,0.0,0.9300186522780584,0.7632179524657374,0.8060397005314339,0.8455097056544124,0.8880152163418268,0.6657571709291823
167,ampir + AMPsorter + esm-AxP-GDL,0.6377680921844363,0.6576832060412582,0.1614104931142768,167.0,192.22,0.0,0.9561799979393614,0.742526533916954,0.7233744722066914,0.92873704179586,0.9181519859854705,0.6099970030069815
168,amplify_imb + esm-AxP-GDL + lstm,0.6372495599877452,0.6603953872624183,0.1844038299662989,168.0,193.32,0.0,0.9793064143210444,0.7089536895079634,0.6702482721921385,0.9647759369861616,0.9740144355033806,0.5542492961897977
169,ai4amp + amplify_imb + macrel,0.6368968857036356,0.634571610132353,0.022242989160028648,190.0,208.34,0.0,0.9294708171144443,0.7613065374330074,0.7924144295493581,0.8550065874470519,0.862825168949534,0.6456681931549189
170,ampir + C_AMPs-predict + pepnet_standard,0.6364898381811683,0.6242379347685866,0.07753623552338651,170.5,224.52,0.0,0.9315548970214733,0.7703343628508087,0.8084871726446844,0.8521191524639606,0.8991088787175285,0.6786829645250982
171,AMPsorter + esm-AxP-GDL + lstm,0.6364888890032679,0.6617693035051471,0.18853850403696892,170.5,193.02,0.0,0.9605489909462378,0.7160266346037435,0.68960935326258,0.9395401765015956,0.9308270406210366,0.5334188402283061
172,apex1.1 + iampcn + pepnet_standard,0.6363822088000408,0.6400545303685867,0.028188333292483825,197.0,202.22,0.0,0.9394027263998096,0.7860574226418146,0.814403976168682,0.8666118836924417,0.8625591133605104,0.6849957985318762
173,amplify_imb + ascan2 + macrel,0.6360166883721405,0.6308102233213235,0.11231157433772476,173.0,223.1,0.0,0.9233383156415491,0.7103822702719942,0.7018832992772865,0.8872538688762225,0.8546643422061532,0.48730015293275203
174,amplify_imb + C_AMPs-predict + pepnet_fast,0.6358726006821895,0.6343355814913398,0.09813617017463239,178.0,214.94,0.0,0.9441925042564984,0.7675227867817859,0.80021481578065,0.8709849948466925,0.9160864012510969,0.7233639910630741
175,amplify_imb + lstm + macrel,0.6358664862183415,0.6497440665044526,0.10639381749897858,174.0,196.98,0.0,0.9500278917101194,0.7239739468118215,0.7127837117877885,0.9108452744562804,0.9134963861678979,0.5572026797140892
176,apin + macrel + pepnet_standard,0.6354516619842728,0.6343595484723857,0.1130870620281863,176.0,218.36,0.0,0.9134599660416601,0.7340976300206092,0.742165002976666,0.8693358210026553,0.8319957754118072,0.5253395364325929
177,ai4amp + amplify_bal + C_AMPs-predict,0.634469023504902,0.6173910086609886,0.09420974071129484,217.0,238.2,0.0,0.9322512601661659,0.7902858877108324,0.8687980830729308,0.8242634110257482,0.9012969122155379,0.7018391802048917
178,ampir + esm-AxP-GDL + macrel,0.6332515633639706,0.6394772456643382,0.04667185761335779,180.5,204.36,0.0,0.9517320981177013,0.7255494490445694,0.7101554866215456,0.9126447588153228,0.9132011223845244,0.5456143048688319
179,amplify_imb + apin + C_AMPs-predict,0.632179514497549,0.6298877191591502,0.06478235603962423,209.0,221.44,0.0,0.9382490813167629,0.7769358357391868,0.8260386770919927,0.8545869775661773,0.9028537805969841,0.7322827512312704
180,HMD-AMP + iampcn + pepnet_standard,0.6319531298182189,0.6533956402703024,0.13213052253880708,180.0,197.74,0.0,0.9410834265786677,0.699739931982548,0.6617669833796291,0.9370776868599711,0.8604888895886836,0.39609807421336973
181,AMPsorter + ascan2 + macrel,0.6318624088674428,0.6364513568565768,0.12257672962367228,181.0,218.9,0.0,0.9034900053863879,0.7295550194374973,0.7348814925763189,0.8681154245669681,0.7935944525858184,0.4945462789997599
182,lstm + macrel + pepnet_fast,0.631458816127451,0.6281918871640932,0.02163160357230387,221.5,219.2,0.0,0.9369293402667097,0.730892396131945,0.7374015701755088,0.8820534092879,0.8940459801137896,0.5774735060802553
183,amPEPpy + C_AMPs-predict + macrel,0.6307978931566585,0.6119099627109477,0.1090609605448325,200.0,247.06,0.0,0.9522715909662706,0.8293865449677856,0.9635671549020511,0.8023076631743061,0.9303732736719589,0.6754581569963969
184,amPEPpy + amplify_imb + esm-AxP-GDL,0.6306238883527369,0.6480788641538807,0.19422947287377457,184.0,219.0,0.0,0.9683311510720096,0.705806396919613,0.6868955116930494,0.9618302418898438,0.9606268487137981,0.61391207943396
185,amplify_bal + esm-AxP-GDL + pepnet_fast,0.6294828256678922,0.6318421898169935,0.12281722027165043,185.0,223.38,0.0,0.9544224211344483,0.7242141297798176,0.722748817387649,0.9051084495848389,0.9348329682562035,0.6552717001399353
186,amplify_bal + iampcn + macrel,0.6292519952471405,0.6381340983533088,0.07975518727175246,186.0,212.0,0.0,0.9504081032787655,0.7311585141227913,0.7086965305742283,0.926583260057318,0.9048997334897758,0.6028240955337292
187,AMPsorter + lstm + pepnet_fast,0.6286969808792893,0.6447713490016749,0.12612378666615598,186.0,204.5,0.0,0.9265112244592296,0.7407730477824949,0.7383637829053465,0.9003568410293168,0.8568196375948205,0.6073261895791859
188,AMPsorter + apin + pepnet_standard,0.6282135021732027,0.6420001579479984,0.08580026641288818,188.0,205.42,0.0,0.9088000729008611,0.7408942684495393,0.7503657746479938,0.871928863507217,0.8075228105822614,0.5535446768852674
189,AMPsorter + apin + esm-AxP-GDL,0.6280551658690767,0.6529638017654004,0.16245863084967327,188.0,202.42,0.0,0.9448109015041881,0.7244534186219186,0.7152883125456785,0.9049594549000283,0.881827992713686,0.5283696795801718
190,amPEPpy + amplify_imb + pepnet_standard,0.6274827766237745,0.6328298398513481,0.079133524474571,190.0,220.74,0.0,0.925738759849716,0.7280462861423601,0.7172943701044301,0.9097525048927025,0.8601251250147927,0.6196232367078941
191,HMD-AMP + lstm + pepnet_fast,0.6265113283660131,0.6346509341161765,0.05864302948427291,193.0,213.1,0.0,0.9339835055061977,0.6785654576003193,0.6583588591259179,0.9141863794117012,0.8769945589891662,0.41431978474312015
192,C_AMPs-predict + esm-AxP-GDL + iampcn,0.626490898467116,0.6483720828799021,0.2016550366865809,191.0,219.12,0.0,0.9849717794343821,0.7188698507806245,0.690013716248425,0.9719543519460544,0.9833845169062033,0.6317090506058068
193,amplify_imb + C_AMPs-predict + iampcn,0.6264085095169527,0.6455779939198122,0.18793382418964455,194.0,221.62,0.0,0.9635964983181861,0.7312850189125637,0.7280063344306642,0.9340714635746966,0.9377367968133943,0.6755024750483446
194,amplify_bal + amplify_imb + pepnet_standard,0.6264000963592729,0.6242142183085376,0.04026890376480807,225.0,227.86,0.0,0.9292902918593491,0.7238942225933168,0.7186378285638049,0.8958557740454082,0.8737980745080501,0.6084521918680332
195,ampir + AMPsorter + pepnet_standard,0.626023031516544,0.6372776944475899,0.0645048068336398,194.5,212.12,0.0,0.9148594131088842,0.7550854352393229,0.7614666616813691,0.8801669748118792,0.8257670867570736,0.602379962282357
196,ascan2 + pepnet_fast + pepnet_standard,0.6255211162653187,0.6158901113326798,0.10252890193014708,210.0,245.06,0.0,0.9116326512539242,0.726079074552234,0.7219367762736741,0.8819382048916421,0.8409723056842412,0.54572013311036
197,amplify_imb + AMPsorter + ascan2,0.6251743333833741,0.6374779502250408,0.07220540916207097,197.0,213.38,0.0,0.9089411727032779,0.7346067742889137,0.7253089685748407,0.8953384017323366,0.8008388736299658,0.570528799776953
198,HMD-AMP + iampcn + macrel,0.6251133108588645,0.6444333853250818,0.14762567567044504,198.0,215.34,0.0,0.9267396693883875,0.6946272021887943,0.658789600493732,0.9379300346249462,0.8184417050812424,0.3543504820395365
199,amPEPpy + AMPsorter + ascan2,0.6245812198488563,0.6261174908814542,0.08669937921772874,199.5,229.46,0.0,0.8991647101414736,0.7374445931406893,0.7304216051225089,0.8855516765977941,0.7826589922162369,0.5518180047895912
200,amPEPpy + amplify_imb + C_AMPs-predict,0.6244907400510621,0.6179820298185049,0.08639305130106212,231.0,238.66,0.0,0.9460266888943991,0.7761285622721283,0.8209693793219577,0.859125760687279,0.9215801644586908,0.7174702906210326
201,ai4amp + amPEPpy + esm-AxP-GDL,0.6243632456811683,0.6373033801845996,0.14893662693116827,201.0,223.96,0.0,0.9578046875617147,0.735342986485002,0.7237819751971291,0.9272049176845053,0.9328709795786508,0.6467226884218558
202,ai4amp + amPEPpy + pepnet_standard,0.6240516919577206,0.6144409093213236,0.05524560548355806,202.0,243.5,0.0,0.9115311470488328,0.7425013597783684,0.7541531878738162,0.873526441513981,0.8316460079838629,0.6160472279720964
203,ascan2 + C_AMPs-predict + macrel,0.6231404831770834,0.6052785659296159,0.13517986096149914,203.0,261.82,0.0,0.9251785926324739,0.7603149734253885,0.8088225632941081,0.8320969449438324,0.8786188079439571,0.6463377411048099
204,C_AMPs-predict + lstm + macrel,0.6225648899714052,0.6098537776215687,0.08578055466758594,204.0,252.54,0.0,0.9415663894552536,0.7662882748622288,0.8205822864266624,0.8406870855522639,0.9187389739157757,0.7008617518369286
205,AMPsorter + ascan2 + pepnet_fast,0.6215641146446078,0.6250728520349265,0.05439159476460376,205.0,229.74,0.0,0.9035177533446079,0.7368338266298632,0.7370170480226106,0.8807647267477331,0.7988488562177481,0.5665122130026788
206,amplify_imb + lstm + pepnet_fast,0.6209415295720997,0.633385021839665,0.12099760189338238,206.0,226.1,0.0,0.9423718801693127,0.7202787743524312,0.7071816761564517,0.9193220560048784,0.906076327158114,0.6154573411360503
207,amplify_bal + ascan2 + macrel,0.6203917789542484,0.6039968904590686,0.15110377791564544,207.0,269.82,0.0,0.9159638670869862,0.7233586757042895,0.7243056457960133,0.8735233741291192,0.8580599069047982,0.5288049110881241
208,C_AMPs-predict + lstm + pepnet_fast,0.6199449144321896,0.6111655771547385,0.0973374433307802,224.0,250.7,0.0,0.9426006256802464,0.7754962275359292,0.8308214340949477,0.8523199781618356,0.917970067245589,0.7073018150049828
209,amplify_bal + HMD-AMP + iampcn,0.6197670043637663,0.6358137302616013,0.08840467041360289,209.5,219.94,0.0,0.944029475366602,0.6871312784101148,0.6433202074025238,0.9489340888103142,0.8775747826570659,0.4092330172624666
210,amplify_imb + apin + macrel,0.6197413047283497,0.6244390086476307,0.05733391305708746,209.0,230.78,0.0,0.9259126321607606,0.722729757339593,0.7209924181222434,0.8829110925134671,0.860587535524545,0.51592793315567
211,ai4amp + lstm + pepnet_standard,0.6188064992064951,0.6178760457143383,0.07495015496834145,212.0,241.08,0.0,0.9150308315876963,0.6882861870410711,0.6864143880780554,0.8867787373094345,0.839199049417129,0.4322742386705343
212,amplify_imb + apex1.1 + pepnet_standard,0.6187008989236111,0.607773049121446,0.07017819892361121,215.0,255.94,0.0,0.9333017565957972,0.7927686861325697,0.8595622014084136,0.8339112612484906,0.8711790026293555,0.7172608391423411
213,amplify_bal + ascan2 + HMD-AMP,0.6186591391441993,0.6089423115227941,0.17591029704810046,213.0,264.98,0.04,0.9160816490969864,0.6770124184427351,0.6618852284071378,0.8964655257178075,0.8448848701966679,0.3827680864700612
214,amplify_bal + amplify_imb + lstm,0.6184732978686682,0.6236777398997958,0.09391218168913407,214.0,238.06,0.0,0.9406801005293518,0.7208055581102514,0.7063809712415265,0.9172888141231864,0.9030870985977946,0.6181364762056765
215,amplify_bal + iampcn + pepnet_standard,0.6181871551348039,0.6300142581840686,0.08738554823733657,215.0,228.08,0.0,0.9433617596205011,0.7115243011143413,0.6879198927847187,0.9219721365742289,0.888035162358994,0.5669877289120022
216,amPEPpy + AMPsorter + C_AMPs-predict,0.6181166480494282,0.6160533156560866,0.08999932286305146,215.5,246.16,0.0,0.9430234443197083,0.8013293261095876,0.8897026176545936,0.8278587828527414,0.8996584360657286,0.7302715483196055
217,apex1.1 + HMD-AMP + pepnet_standard,0.617578754822304,0.609458476893219,0.060767308166870926,217.0,253.22,0.0,0.9164025602535868,0.7800791717104602,0.8458058178082447,0.8196155236510018,0.8159835119669525,0.6903848146922609
218,ai4amp + pepnet_fast + pepnet_standard,0.6170210967575572,0.6101559089545343,0.04400010030381951,236.0,252.26,0.0,0.9132789214175614,0.7445458222489257,0.7658663599898748,0.8661311814892702,0.8466839811659356,0.6291638803279411
219,amPEPpy + AMPsorter + macrel,0.6170038096088644,0.6259458213154003,0.0680777427205882,219.0,234.72,0.0,0.9283272061160431,0.7877825194229514,0.835928544749331,0.8501949672236365,0.8455664671694884,0.7187406197869391
220,ampir + amplify_bal + esm-AxP-GDL,0.6169122846956699,0.6193633172533904,0.052135323217422314,219.0,242.5,0.0,0.9544385471932594,0.7118919112381786,0.6862347841717997,0.9261765083767669,0.9356096944357449,0.5585914631156692
221,ai4amp + AMPsorter + HMD-AMP,0.6161737560161356,0.6319114397827206,0.10698049282883981,223.0,228.22,0.0,0.9016766780027572,0.7217173266538423,0.7349228656143442,0.8624681814728944,0.772888279429975,0.501336066601148
222,HMD-AMP + lstm + macrel,0.6159537094832517,0.6228344723127042,0.11799846821537996,222.0,242.16,0.0,0.907098739218962,0.6729995363754707,0.6686508056976651,0.893460289305179,0.7920201482032685,0.36239650507937643
223,amplify_bal + HMD-AMP + pepnet_fast,0.6158886437397877,0.6095122893661764,0.03496893543811286,237.0,252.66,0.0,0.9256607050663496,0.7278500520332587,0.7305314612199371,0.8834815770426875,0.867134622067621,0.6099110315034381
224,amPEPpy + apin + esm-AxP-GDL,0.615626451676879,0.6296728864375816,0.11139041686478757,223.0,232.16,0.0,0.9593600784408159,0.707129498263723,0.6769885582980777,0.937679928777805,0.9300108828430866,0.5250958205405918
225,ampir + amplify_imb + macrel,0.6153354177665441,0.6149382647918709,0.009456272022058787,239.0,245.56,0.0,0.9301411843514105,0.751169553214142,0.751959022967949,0.8895367938657497,0.8756427600970044,0.6213089780280775
226,amplify_bal + apin + C_AMPs-predict,0.6142529006638072,0.6003674695449754,0.08100088744791667,237.0,268.84,0.0,0.9284624557029569,0.774063577165894,0.8313300902311899,0.8407571102262441,0.8962760911931821,0.7078793112522469
227,amPEPpy + amplify_bal + esm-AxP-GDL,0.6129623743984884,0.6199185059471813,0.1505129807220179,227.0,250.44,0.0,0.9564174436736922,0.7053553788228281,0.6857442904164488,0.9376636742350709,0.939034496454032,0.6363243114149544
228,amPEPpy + C_AMPs-predict + iampcn,0.6127038251991421,0.626268054345098,0.15726327776194837,228.0,243.74,0.0,0.9610205247431612,0.7565826705327915,0.7599114834760581,0.9144403173257252,0.9371755272628846,0.703493099975334
229,amplify_imb + AMPsorter + pepnet_fast,0.6123121991013072,0.6316230409576389,0.16296494015676077,228.5,234.78,0.0,0.9201644205994067,0.7355924865168803,0.7381902658952405,0.9014843877540937,0.8368913030497003,0.6492869530824059
230,amPEPpy + ascan2 + esm-AxP-GDL,0.6121808512479574,0.6198330843885212,0.06328163183363977,229.0,244.82,0.0,0.953999680906023,0.6853779969559931,0.6495156464491552,0.9425662512206957,0.9196053588710452,0.48854713299081026
231,ai4amp + HMD-AMP + pepnet_fast,0.6118824904983661,0.6135408757914624,0.048536566184640306,231.0,248.02,0.0,0.9135189231467801,0.7112612187024511,0.7190763575802729,0.8718750933759708,0.8348370811346822,0.5020176832032635
232,amPEPpy + HMD-AMP + lstm,0.6116484485334968,0.6184801078837827,0.05474674444955063,233.0,243.64,0.0,0.9307445913155142,0.6754037559011029,0.6464146635174827,0.930037488896781,0.8643880818331889,0.39813119159987176
233,ascan2 + HMD-AMP + pepnet_fast,0.6115084449693627,0.6076241555519608,0.1543009551450163,232.0,264.24,0.0,0.9124391955559669,0.673259522545905,0.6603862772465924,0.8963155441603506,0.8334483724487737,0.37749445136433074
234,C_AMPs-predict + iampcn + pepnet_fast,0.6112005675142973,0.6186568369548611,0.13466620325265521,234.0,251.0,0.0,0.9552945620789828,0.7515825284318859,0.7642794097496878,0.896523456873485,0.9270855542178198,0.70315199675501
235,amPEPpy + apin + pepnet_standard,0.6102728885008171,0.605892458747549,0.04542076159160535,241.0,261.2,0.0,0.9128356632108608,0.7263502449250399,0.7235751065108863,0.8857460731955072,0.8389663911620153,0.5553699734376358
236,ampir + esm-AxP-GDL + HMD-AMP,0.6098880221313318,0.6233487527575572,0.08767581969413796,236.0,241.04,0.0,0.9423598926920804,0.6748500699872507,0.6431216521687394,0.9377152700723439,0.8796889681895123,0.3661698364617396
237,AMPsorter + C_AMPs-predict + lstm,0.6092037931444036,0.6158329567569036,0.09944830419219786,237.0,253.5,0.0,0.9315274545761868,0.7647059786775833,0.8111801430575599,0.8530761145006002,0.8816500832692606,0.7036685844174595
238,ai4amp + AMPsorter + C_AMPs-predict,0.6090554370853758,0.6041220572058006,0.05635922967167062,240.5,263.74,0.0,0.9334920789614983,0.795498096191349,0.8920151066789336,0.812361312832064,0.8815194226059828,0.7213642840862975
239,ascan2 + C_AMPs-predict + HMD-AMP,0.6077575746272468,0.6024728679955066,0.15332593464818223,239.0,271.3,0.0,0.923680192877602,0.6856110057596158,0.6940362785398211,0.8651147719180772,0.8620927798700265,0.40329841293845214
240,apin + C_AMPs-predict + pepnet_fast,0.6072208377205883,0.5954046491520834,0.07531929047998354,240.0,277.18,0.0,0.9265524460299285,0.7714154686861558,0.8246620100501763,0.8426400415929308,0.893406675442004,0.714247773548079
241,amplify_bal + amplify_imb + macrel,0.6069541819546569,0.6003055359859067,0.05608556517310048,241.0,269.04,0.0,0.9319396322346192,0.7280890658784324,0.7344128200237554,0.8828828382341877,0.8808172798541043,0.6290103687026456
242,ai4amp + amPEPpy + HMD-AMP,0.6067063275,0.6114383006974673,0.07708189740910942,242.0,255.6,0.0,0.9079804707805864,0.709615701054954,0.7097416441855491,0.8784576017364341,0.8088750702419081,0.4719480627934715
243,amplify_bal + amplify_imb + AMPsorter,0.6061862062152777,0.6189306379060049,0.10752395398233239,243.0,251.76,0.0,0.9161526981378284,0.7308596599375098,0.7269321378437473,0.899236146144008,0.8254015547394604,0.621459427618942
244,apin + HMD-AMP + pepnet_standard,0.6058881632577614,0.6108778917765114,0.13132383609681364,244.0,261.64,0.0,0.9129467147881695,0.6791982665561123,0.6775275977658218,0.8813386076193638,0.8245800433850978,0.383914218976102
245,amPEPpy + AMPsorter + lstm,0.6051852564940767,0.6213230278520833,0.1373265887745101,245.0,248.84,0.0,0.9232436132528589,0.7345148126302267,0.7248042916369766,0.9130450813957122,0.8489875192065656,0.6047197700784818
246,AMPsorter + C_AMPs-predict + macrel,0.6046464288388481,0.5970890025235294,0.07337288302236522,246.0,274.5,0.0,0.9521168936824922,0.8102575334320056,0.9448310020773328,0.7933933594291894,0.9091178645480841,0.6992044580074732
247,amplify_bal + apin + macrel,0.6042960373835784,0.5935017639044118,0.09903233399611922,247.0,282.74,0.0,0.9192370585248012,0.7305674055973652,0.7457711366585899,0.861884381376934,0.8642005342491006,0.5617166090988911
248,AMPsorter + ascan2 + HMD-AMP,0.6040018049887663,0.6134489851835375,0.15323093708026958,248.0,260.62,0.0,0.8802653260063805,0.6770295276316954,0.6729577110858499,0.8818232356711754,0.7138133418341844,0.3655473363414283
249,AMPsorter + iampcn + pepnet_standard,0.6039912390042892,0.6316551504406046,0.1946470696619691,248.0,241.96,0.0,0.9320333418877986,0.7289250784911756,0.7076695749528646,0.9293287873708579,0.8402652337231106,0.5864838072223417
250,AMPsorter + lstm + macrel,0.6039532810294117,0.6214586758194036,0.10241839283956278,249.0,247.46,0.0,0.9208382033523449,0.7257448259012916,0.7295667528723652,0.8845771788153359,0.8352188905659307,0.5373607060450724
251,ampir + macrel + pepnet_standard,0.6038097329084968,0.5974360641782271,0.09398065087009799,250.0,279.0,0.0,0.915181172148443,0.7424569342006477,0.756505025242082,0.8626193504516783,0.8446564042487941,0.5800471297153154
252,ai4amp + C_AMPs-predict + pepnet_fast,0.6033053539777369,0.5888101371001226,0.0924112114312704,252.0,288.04,0.0,0.9292605928574772,0.7788691815216374,0.8528313324571792,0.8245176778973207,0.8990219191625018,0.7010619426544137
253,amplify_imb + apin + HMD-AMP,0.6031589187050654,0.6149506143944852,0.10276840437806378,253.0,255.02,0.0,0.9218139464142353,0.6787817760484024,0.6656268523862257,0.8988693195217333,0.8421034558294166,0.39023808106838925
254,amPEPpy + amplify_bal + C_AMPs-predict,0.6026965724356618,0.5783594919997959,0.13032212483660144,258.0,303.02,0.0,0.933343889152937,0.740823300671552,0.7729180102793333,0.8515197557403633,0.8957557329472237,0.6443279580031301
255,amplify_imb + pepnet_fast + pepnet_standard,0.6024023345302287,0.6055252863019199,0.09527094058415042,255.0,270.64,0.0,0.9301330859634788,0.7200524427602543,0.7251487629052011,0.8897843026796117,0.8735655935090932,0.6303099870815678
256,ai4amp + esm-AxP-GDL + lstm,0.6022534072314134,0.6174986346066177,0.0895437237117036,256.0,254.18,0.0,0.9437330818461452,0.6712435224317875,0.651913102414896,0.9253314828028424,0.8963367302159476,0.39772496059545165
257,AMPsorter + C_AMPs-predict + iampcn,0.6018628592116013,0.6241353522283906,0.19009106465175651,257.0,254.02,0.0,0.9434313567419789,0.7541258248748025,0.7760164287691579,0.8898404822806222,0.8874932534196047,0.6992694473791797
258,amplify_bal + apex1.1 + HMD-AMP,0.6013902223120915,0.5864197607935049,0.08225125585477933,258.0,289.88,0.0,0.9206040969551177,0.7941628308956906,0.8825838750952552,0.810276897852405,0.8452317718313578,0.7026423487181273
259,esm-AxP-GDL + iampcn + pepnet_standard,0.6005647941104983,0.6229440332250408,0.1798344719684436,259.0,251.62,0.0,0.979627541734018,0.6769020336581258,0.632450929264425,0.9830118473051198,0.9659371011550557,0.5378039453628036
260,ampir + amplify_imb + AMPsorter,0.6000737633803105,0.6166985286585376,0.129252103554943,260.0,257.7,0.0,0.9163981372565084,0.7501910502308161,0.747427070432796,0.9039540581927347,0.827982632196748,0.6362163561732507
261,ascan2 + macrel + pepnet_fast,0.6000072570159314,0.5871323558658905,0.1304666739792688,266.0,298.22,0.0,0.9134875728444743,0.7135035366860941,0.7191400347747087,0.8672531575776633,0.8466700712628086,0.5079778783024333
262,amPEPpy + C_AMPs-predict + lstm,0.5997092540247141,0.5896840456700163,0.12046439825112337,268.0,289.94,0.0,0.942547272385864,0.7818234512998955,0.832235472869252,0.8645484484132885,0.9147460219290898,0.7087839586762271
263,ampir + amplify_imb + esm-AxP-GDL,0.5993717757506127,0.6156858350209149,0.14927648384906045,263.0,260.6,0.0,0.967903967142916,0.7003454004136467,0.6660885987196811,0.9547236031585985,0.9548584119667178,0.5731330259535581
264,apin + pepnet_fast + pepnet_standard,0.5983430919914217,0.5934731728279004,0.049012272342218166,264.0,285.62,0.0,0.9142728572115181,0.7276902073338242,0.7324747054304691,0.876014869746878,0.8513655004491213,0.5655605400212993
265,amplify_imb + apex1.1 + ascan2,0.5978656423549836,0.582453109427206,0.11046345726562501,265.0,298.18,0.0,0.8968765236585844,0.7759131699152929,0.8105926120097372,0.8500761789214536,0.795275554309385,0.6812010139938185
266,amPEPpy + amplify_imb + lstm,0.5976952102144607,0.6086724100239788,0.13254523713950161,266.0,270.24,0.0,0.9431958046548129,0.7190040770463167,0.6981210951352327,0.9350716186031555,0.9084963005706167,0.6196273327037558
267,AMPsorter + HMD-AMP + lstm,0.595981591317402,0.6172077037547794,0.11939377700622944,267.0,257.44,0.0,0.9020852308648676,0.6812108980071695,0.6691178735350986,0.9036749333842929,0.7693197746803915,0.39913974272510405
268,ai4amp + AMPsorter + macrel,0.5952981241605392,0.5976482914292075,0.012935135752655258,276.5,278.92,0.0,0.9148326543189117,0.7619599106133522,0.8218140181135043,0.8201216479243825,0.81629779701286,0.6586162825605953
269,ampir + C_AMPs-predict + macrel,0.5946450627093546,0.5746105834473447,0.10668120027726713,269.0,307.66,0.0,0.932949832838936,0.8141138828321687,0.9307047395724748,0.8077346994882618,0.8981988003908186,0.6817823908354317
270,amplify_bal + apin + HMD-AMP,0.5935048741176471,0.5932810320136438,0.13099441464409722,270.0,286.28,0.0,0.9170258100248655,0.6767476457417265,0.6709894759514045,0.8850440359455377,0.8457810340199026,0.3973466709644721
271,ai4amp + ascan2 + pepnet_standard,0.5933999042575572,0.5817620148094771,0.16756618490502462,271.0,307.38,0.0,0.8906043124671958,0.6875720244522721,0.6843467956713014,0.8799420558591559,0.7894106543475893,0.40889790608616716
272,amPEPpy + ascan2 + HMD-AMP,0.593002269129902,0.5880132445081699,0.17575034782730803,272.0,296.8,0.0,0.9042579171150683,0.6670006149273383,0.6490667052356289,0.9025256552621558,0.805896460265372,0.35830852689522324
273,ampir + amplify_bal + C_AMPs-predict,0.5923196940359476,0.5734629002401961,0.10215748524305557,273.0,310.52,0.0,0.9257941983889245,0.7559328126025205,0.7960245540735938,0.8478146563717383,0.8827005101007775,0.6832856167717476
274,amplify_bal + AMPsorter + apin,0.5922559732557189,0.5990174890071487,0.03554038911764712,274.0,277.44,0.0,0.9039812946283178,0.7382561699589963,0.754125387137163,0.8671253301568731,0.803146493774211,0.5903888150337964
275,ai4amp + iampcn + pepnet_standard,0.5916288140727124,0.6079978270207925,0.08475143973396648,275.0,269.52,0.0,0.9287659155409985,0.6948985725909919,0.6755028765607144,0.9116290071592271,0.8455607870486356,0.44873455456895783
276,ai4amp + AMPsorter + pepnet_fast,0.5911000394056373,0.5968465035178105,0.06238581124999998,276.0,284.58,0.0,0.9118382528115146,0.7545520576328708,0.790604475560771,0.8560077293481569,0.8228026375516537,0.6699441453717578
277,ampir + AMPsorter + macrel,0.5910191583813318,0.5995507700631127,0.04940170763020835,276.0,278.4,0.0,0.9134704928601884,0.7697922548250077,0.8006263725908376,0.8566175748023134,0.8232399687740772,0.649668697904806
278,amPEPpy + amplify_bal + lstm,0.5903462717953432,0.5854590297177696,0.07341592481617643,281.0,298.88,0.0,0.9266358179932688,0.7208107103620794,0.7072793338198186,0.9145276901820095,0.8855045337232871,0.6179303725940084
279,amplify_imb + iampcn + pepnet_standard,0.5902160886448121,0.6080914405680964,0.14636311668964463,279.0,273.98,0.0,0.9487646943175974,0.6712829024536525,0.64346198796659,0.9488347162174845,0.8916773024622692,0.561078251984426
280,ampir + amplify_imb + pepnet_standard,0.5901933929084966,0.5940739902426062,0.02871879710835379,280.0,287.82,0.0,0.9260797019291688,0.7178920390584155,0.7091836734693877,0.8970412519258625,0.8668388609432248,0.5682215812220963
281,ai4amp + C_AMPs-predict + HMD-AMP,0.5899694329084967,0.5845174295305964,0.058150059420955746,281.0,299.04,0.0,0.9283372674922269,0.7201255245637617,0.763005918775305,0.8289586394315785,0.8694835229983091,0.5533597198350589
282,ampir + HMD-AMP + pepnet_standard,0.5890658339215686,0.5943638637903187,0.12608912446997544,282.0,287.04,0.0,0.9106250013482908,0.6789758123532453,0.6715010013748467,0.8886783459581613,0.8212011316070248,0.384162168269005
283,amPEPpy + amplify_imb + ascan2,0.5884013809507762,0.5822793027966912,0.04259536068269998,283.5,303.04,0.0,0.9125756417326313,0.7140148454328724,0.696751155868081,0.9051661455647254,0.8363363935495419,0.5604261113693451
284,C_AMPs-predict + HMD-AMP + lstm,0.5882421810886438,0.5909505529653186,0.03439488843290461,284.0,290.2,0.0,0.9381603628190378,0.6818492932403547,0.6979492816354712,0.8628999324843486,0.8951361878364764,0.44095952813629075
285,amplify_bal + apex1.1 + pepnet_standard,0.5876090364838644,0.5637470615101308,0.1270447215737336,285.0,326.46,0.0,0.920907485846183,0.777185773600312,0.8517926098420951,0.8155321274297863,0.8614159607270008,0.6636941304954656
286,amplify_imb + macrel + pepnet_fast,0.5873376489225899,0.5885708369559641,0.08686763443831691,287.0,296.16,0.0,0.9348793418015809,0.7313010357924578,0.7493996745217605,0.8754829944457393,0.8853343477296365,0.6522609580280676
287,ascan2 + HMD-AMP + macrel,0.5872686281219363,0.5841012256628677,0.2199497972947303,286.5,307.86,0.04,0.8873630755541458,0.6671674432793481,0.6646024238257248,0.8812796895910401,0.7527290951494814,0.329863537500299
288,amplify_bal + C_AMPs-predict + pepnet_fast,0.5853536836100899,0.5663831233622549,0.1210777554580269,289.0,322.36,0.0,0.9333536851427898,0.743399190848696,0.7798434984720638,0.8526058610279881,0.9024893536909886,0.666584216596025
289,amPEPpy + esm-AxP-GDL + pepnet_fast,0.5853027427961601,0.5909363812814543,0.17915468085631125,289.5,297.74,0.0,0.9563581980952228,0.6966220412682381,0.6904329679159517,0.9268233528983721,0.9403085965713766,0.6616870837551297
290,ai4amp + amplify_imb + ascan2,0.5852161999468954,0.577018273754616,0.1154940128993055,289.0,312.78,0.0,0.9069534387660694,0.6753776160235884,0.6625952785553144,0.8952340226364633,0.8250412993178371,0.41456072852935766
291,amplify_imb + ascan2 + pepnet_fast,0.5844369562949345,0.5824239513976308,0.014194268551879108,292.0,306.06,0.0,0.918886156534386,0.7128266822986848,0.7035112600709704,0.8959619046959483,0.8571610722383575,0.5724702412976617
292,amPEPpy + amplify_bal + pepnet_standard,0.5843596991952615,0.5702006232743873,0.07251320754442392,301.0,318.84,0.0,0.9121290341821512,0.7107084469313758,0.7077639238875748,0.8861843470888808,0.8452648615771451,0.5882583263631987
293,apex1.1 + esm-AxP-GDL + pepnet_standard,0.5841192368055557,0.5748970081898286,0.1018012939088031,293.5,314.96,0.0,0.9656361113246201,0.8062952653767268,0.9340797918258227,0.7968564268385787,0.9457025592084266,0.6876667608110183
294,amPEPpy + amplify_imb + AMPsorter,0.5835342036591095,0.6042274220558415,0.17094386927389704,294.0,280.56,0.0,0.9178254177820886,0.7262243066371195,0.7216704524025648,0.909228703479469,0.8264557717314082,0.6274792514363615
295,ai4amp + C_AMPs-predict + macrel,0.583347683754085,0.56662021924808,0.09258891691176474,295.0,323.22,0.0,0.9296760982369001,0.7913447136702576,0.9181307397214828,0.7824745038061326,0.8841904649940096,0.6780988651699336
296,amPEPpy + esm-AxP-GDL + lstm,0.58130546563317,0.6014955764655638,0.17032704526041664,296.0,285.7,0.0,0.9708401241978999,0.678223022881644,0.6442543063285668,0.9574082733256332,0.9596513002139192,0.5190396995080732
297,amplify_imb + iampcn + macrel,0.5812465099560866,0.6017839633651144,0.1617150236698326,297.0,286.24,0.0,0.9532630642652093,0.666974116953841,0.6390937084799903,0.9571427584143697,0.9010213743073607,0.5497121929821538
298,amPEPpy + iampcn + pepnet_standard,0.5811902973274101,0.595699261667402,0.11990973220026535,298.0,293.5,0.0,0.94181589750333,0.685559460724856,0.6513139395786248,0.947725598329415,0.8775588934552894,0.5417466582084268
299,amPEPpy + HMD-AMP + pepnet_fast,0.5807887477328431,0.579403894194036,0.04186172360294105,299.0,308.26,0.0,0.922782753908597,0.7189424326571084,0.7181525219937601,0.8897011846295163,0.8579757360034088,0.6026710327830873
300,amplify_bal + lstm + pepnet_fast,0.5804066608506945,0.5739642226837419,0.06279317970588227,300.0,317.58,0.0,0.9289294839919467,0.7170798765423219,0.7174264800268274,0.8911724515943656,0.8878648231390323,0.6109423743218599
301,amplify_imb + apex1.1 + lstm,0.5802068188112746,0.5787639615206698,0.13645745872089454,301.0,312.2,0.0,0.9319893584541084,0.7928885202317236,0.8538696499416769,0.8567974684119596,0.8785725112555071,0.7384791074390544
302,ai4amp + amplify_bal + amplify_imb,0.5799804587357027,0.5726914116119282,0.05383887998468129,302.5,319.46,0.0,0.9179143641975273,0.7155600483113131,0.7159795980929968,0.8853411668513806,0.8559460409810089,0.5907587945740559
303,ai4amp + macrel + pepnet_fast,0.5796920498304738,0.5708035345000816,0.058349192966707486,303.0,320.5,0.0,0.9151608920551811,0.7456026202796439,0.7883534513600522,0.8363183229859592,0.8508179425934402,0.6356020322636283
304,apin + HMD-AMP + pepnet_fast,0.5792640865073528,0.5828880579845998,0.09700211181066176,304.0,305.68,0.0,0.9138182179199245,0.6759902751142944,0.6726330418343212,0.8847716691948064,0.8377760758882924,0.3949094697910821
305,apin + macrel + pepnet_fast,0.5785010615696488,0.5729391801351715,0.0714196487622547,315.0,320.88,0.0,0.9152125402706582,0.7230829018346784,0.7386365746585941,0.8602673876608168,0.8523451450498567,0.5408417217984525
306,amplify_bal + esm-AxP-GDL + iampcn,0.5780652960753676,0.597733168064379,0.16987529681372537,306.0,294.48,0.0,0.9791856066463556,0.6434449425624672,0.60692160591618,0.9834044249551525,0.9728936506004191,0.5326951461179864
307,amPEPpy + apin + C_AMPs-predict,0.5779987061621732,0.5665115043781455,0.07903700904769206,306.0,325.26,0.0,0.9285977210818706,0.7717128898060776,0.8408370746232542,0.8281222172517891,0.8951432903668222,0.7028927943595968
308,amplify_imb + AMPsorter + apin,0.5779848649938726,0.5988205921014707,0.13488425116217329,307.0,288.9,0.0,0.9066983988186434,0.7309872251514357,0.7393282995242361,0.881509756440841,0.8001864265969696,0.5882980772925489
309,ai4amp + amPEPpy + AMPsorter,0.5776642013868464,0.5856870905028186,0.06795480300908907,309.0,306.5,0.0,0.9081789212455288,0.7584302440788614,0.7934617096212125,0.8550514252266147,0.8061774313013075,0.6644426609393934
310,ai4amp + amPEPpy + C_AMPs-predict,0.5775255821517565,0.5648286216520424,0.09010893001889297,309.0,328.14,0.0,0.9287868541547987,0.7770349599614885,0.8701531779358606,0.8049102021638914,0.8943204641148097,0.69066434608299
311,ai4amp + amplify_bal + lstm,0.5756800278492646,0.5691168145241421,0.04739214354268795,311.0,325.86,0.0,0.923450015204824,0.6783152836843174,0.6729395816694543,0.8922330410300239,0.8742746990224731,0.4470808999532852
312,ai4amp + amplify_imb + lstm,0.5756103789624183,0.5863396542194445,0.07471223528492654,312.0,306.2,0.0,0.933437451244472,0.6749698965120019,0.6583277177334906,0.9136802551383205,0.8835079323659011,0.4387260065263397
313,AMPsorter + esm-AxP-GDL + iampcn,0.5749927940849673,0.6015003715516339,0.2160782722395833,313.0,288.62,0.0,0.9594139547200135,0.6585427193681251,0.6245441328657996,0.9844905302427772,0.940442118238951,0.5426618860872814
314,apex1.1 + esm-AxP-GDL + HMD-AMP,0.574658355439134,0.5762883772316586,0.07210832522620503,314.0,318.42,0.0,0.9406408868527305,0.7653566509974495,0.844201644600051,0.8096683682284431,0.8693824365562716,0.6988402926254229
315,iampcn + pepnet_fast + pepnet_standard,0.5739328992330474,0.5882835718410131,0.11964926363306783,315.0,306.16,0.0,0.9396583761225061,0.6972238758246911,0.6855521551143111,0.9111643243229985,0.879190134158132,0.5754756222770917
316,ampir + C_AMPs-predict + HMD-AMP,0.5736825289205474,0.5736429714471405,0.0930569987653187,316.0,318.74,0.0,0.9265938963519144,0.6882665277857439,0.702864104544575,0.8610746970975484,0.8769845765007859,0.4331479960644396
317,amplify_bal + AMPsorter + iampcn,0.5732417397099674,0.5964130452499183,0.18000058891442006,317.0,296.7,0.0,0.9222033979260754,0.7013399368804464,0.6810100787716696,0.9316919982014102,0.8240962754442271,0.5819152989488859
318,amplify_bal + amplify_imb + ascan2,0.5731084625806782,0.5644006949015932,0.05468692009344367,318.0,333.5,0.0,0.9152871311440772,0.7095000888107711,0.7021096510586049,0.8917408556113701,0.8531905197880627,0.5742552638147761
319,amPEPpy + amplify_imb + macrel,0.5726835429462827,0.578237359372835,0.064260309341299,319.0,317.82,0.0,0.9283547592168248,0.7328128509173523,0.7352550488514771,0.8893500484166358,0.8641930711431208,0.6263065216543815
320,AMPsorter + apin + pepnet_fast,0.572506186621732,0.5830526087820261,0.057982560844056286,319.0,309.36,0.0,0.9021101129501695,0.732724080564974,0.7473356676393227,0.8680448703867581,0.800320002612216,0.5774646137184306
321,apex1.1 + lstm + pepnet_standard,0.5717646735079657,0.5593600000684641,0.06811180659517979,321.0,339.66,0.0,0.9196185632225036,0.7646461467234337,0.8311976959237234,0.8188805545762575,0.8451751117095828,0.6921365178544816
322,ascan2 + esm-AxP-GDL + lstm,0.5713927736488971,0.577742580839134,0.08085547233098456,322.0,316.42,0.0,0.9340427594162822,0.6277260703656564,0.6020607176418907,0.9439939962361774,0.8758418254704312,0.29092270941286685
323,ampir + amplify_bal + macrel,0.5708237563327205,0.5523466653921977,0.12680412328431367,323.0,349.96,0.0,0.9159761200707414,0.7306828494013123,0.7421488635488024,0.8675742879565972,0.8674547229146501,0.6073335975482799
324,ampir + AMPsorter + C_AMPs-predict,0.5707264095363562,0.5707128289172385,0.06653314546160138,324.0,327.66,0.0,0.9307762006610156,0.7844212026430665,0.8614303591711079,0.8296150742199648,0.8842089812401687,0.7426665516872523
325,amplify_bal + amplify_imb + apin,0.5704753788439543,0.5675350053389298,0.020825127824754874,325.0,331.56,0.0,0.9173548480440282,0.7150022968240703,0.7098259727897583,0.8910087187456964,0.8568672593063112,0.5770759619176075
326,AMPsorter + iampcn + macrel,0.5697615786345996,0.5980523970218138,0.1995471610324755,326.0,295.08,0.0,0.9289656201904565,0.7187658389839046,0.7055281435560771,0.9229867945907548,0.836803683707825,0.5895107837492654
327,amplify_bal + AMPsorter + pepnet_fast,0.568796493069853,0.5713236019493055,0.06708708778901151,327.0,327.58,0.0,0.9120076891278517,0.7270518775411375,0.7375445335009235,0.8775395778854248,0.826508847704132,0.6269175481942963
328,ampir + amplify_bal + AMPsorter,0.5687190413715277,0.5697499159547386,0.008455739308108612,329.0,331.08,0.0,0.9067266289332442,0.7342465903867773,0.7407779767540229,0.8790182608230821,0.8176566991721342,0.6074376566177014
329,ampir + amplify_bal + pepnet_standard,0.5680449260692402,0.5553631493103349,0.08971395229728363,329.0,347.46,0.0,0.9127096442667169,0.7106652211316621,0.7097527118087866,0.8807229563530323,0.8544614552610688,0.5571135352205201
330,AMPsorter + apin + C_AMPs-predict,0.5675949088582516,0.5704153572509805,0.02767752326439954,330.0,327.42,0.0,0.9172909629186158,0.7542737588428943,0.8122824070762675,0.8269236459952195,0.8481791320402354,0.6635384473164333
331,esm-AxP-GDL + iampcn + pepnet_fast,0.5673093308588644,0.5886523872693626,0.18359688007506125,330.5,308.42,0.0,0.9746549480733909,0.6332100751993627,0.6032765119716684,0.9803246738865634,0.9682652066948377,0.5309341331331897
332,iampcn + macrel + pepnet_fast,0.5673007096098857,0.5780637295764297,0.10343995047334564,330.0,321.6,0.0,0.9459102433994516,0.6988481068050607,0.6875809138134982,0.9140980196827709,0.8965754368578707,0.5848481135779292
333,apex1.1 + ascan2 + pepnet_standard,0.5660512347579657,0.5472500840447303,0.14064626418709164,333.0,357.52,0.0,0.8895045432203221,0.7568407827209099,0.8004010689822355,0.8285231631201654,0.7794582271943622,0.6292614975108894
334,ascan2 + lstm + pepnet_standard,0.565832528441585,0.5579137793638071,0.17502535834967325,335.0,344.58,0.0,0.9101751740812188,0.6345258272680473,0.622821595837236,0.9066610830451167,0.8302375409515419,0.29680520491192236
335,ai4amp + HMD-AMP + macrel,0.5655915637602125,0.5660715622615196,0.13546903317861514,335.5,332.14,0.0,0.8955030177836673,0.689973009530866,0.7160641384573471,0.8381421357756412,0.76629486309285,0.43869844668932767
336,amplify_bal + apex1.1 + ascan2,0.5655440407638889,0.5381326622486111,0.17636617291462414,336.0,368.7,0.0,0.8921343668230867,0.7684360648404063,0.8174505772297617,0.8311424861587143,0.8103179073680966,0.6627429009271977
337,amPEPpy + amplify_imb + apin,0.5651252492412172,0.5682534608443219,0.03086411481055984,337.0,332.18,0.0,0.9157741428049168,0.7158511256448334,0.7010514992871753,0.9047229589500656,0.8452833937165878,0.5618779682218644
338,ai4amp + apin + esm-AxP-GDL,0.5648741913909314,0.5719679481253269,0.055928880098549794,337.5,327.78,0.0,0.9270961644517035,0.6656899204872542,0.6739457982014557,0.8787347874266942,0.8563465412456898,0.389093705330719
339,amPEPpy + apin + HMD-AMP,0.5643726268147466,0.5698826966729577,0.10334487324652775,339.0,327.32,0.0,0.9057314061372441,0.6702936003852891,0.6628403252851763,0.8918783079260518,0.808102772853385,0.3755844219574949
340,ampir + esm-AxP-GDL + pepnet_fast,0.5643110278165849,0.5682579599957107,0.08187581128676458,340.0,334.1,0.0,0.9463669859581244,0.6916684388926639,0.6723778113822337,0.9188711244598622,0.9247112818131511,0.5498005302501784
341,apin + C_AMPs-predict + macrel,0.5633416121476715,0.5511018451550653,0.07083803327256943,341.0,353.82,0.0,0.9239499937439882,0.7544313869556277,0.8309201881667584,0.8070424876808643,0.8772991414909398,0.6827727477950585
342,esm-AxP-GDL + iampcn + macrel,0.5629067196568627,0.5883396918257353,0.19523296033854165,342.5,310.54,0.0,0.9706276570330323,0.6411592277643733,0.6120199812641675,0.9670146821112237,0.9496238069552566,0.4756149112760182
343,ai4amp + amPEPpy + macrel,0.5628014780637256,0.5545727240097631,0.07245187903390526,344.0,350.36,0.0,0.9084004283957953,0.7395902810517884,0.778959668450346,0.8320605100097237,0.8268853674706307,0.599260011713195
344,amPEPpy + amplify_bal + ascan2,0.5627327028451797,0.5435069531891749,0.13297278261284728,343.5,364.8,0.0,0.8965589172121174,0.7063687187429798,0.6983270315861124,0.8877967570412606,0.8218556897055709,0.5629257740718816
345,amplify_bal + pepnet_fast + pepnet_standard,0.5623556209119689,0.5513660577122141,0.0706063908333332,345.0,352.98,0.0,0.9193609044699759,0.7121406714066301,0.7207722970346949,0.8752566528958977,0.8611357280676618,0.6117797565257603
346,apex1.1 + HMD-AMP + pepnet_fast,0.5620920978666257,0.5499228236823529,0.06730488805861934,346.0,356.92,0.0,0.9138139283227691,0.7794206832604967,0.8683500635074849,0.8027939360138613,0.8266131722174718,0.6958037232598219
347,amplify_imb + apin + pepnet_fast,0.5620707312683824,0.569926629560335,0.0642691742366217,346.0,333.3,0.0,0.9197991728768545,0.7164090476902584,0.7126525470209617,0.8928481281630152,0.8612911544292849,0.5776946193771781
348,ascan2 + C_AMPs-predict + iampcn,0.5611758714419934,0.5594975739166258,0.11736793377859484,349.0,343.4,0.0,0.9348378244991707,0.6466658994555895,0.6349875234863275,0.9059399590433422,0.8828418765074519,0.3216483763184478
349,amplify_bal + apex1.1 + iampcn,0.5611317915900735,0.553711823542688,0.05782974680606612,349.0,354.3,0.0,0.9324277192235942,0.7615906594598343,0.7918914664146804,0.8607290031121838,0.8691672452275536,0.6875697570709948
350,ai4amp + amplify_bal + ascan2,0.5609515946098855,0.541063982521201,0.17414087519761012,350.0,372.02,0.0,0.8995489828778366,0.6746378391572914,0.6691669902166556,0.8809882360885043,0.824433186236003,0.4223623582453347
351,amPEPpy + C_AMPs-predict + pepnet_fast,0.5606151221252043,0.5437386801332926,0.12988781792738963,351.0,362.04,0.0,0.9349557567977397,0.740995831723725,0.7800092257859906,0.8520905692271322,0.9029669099515214,0.6565892201039827
352,amplify_imb + apex1.1 + esm-AxP-GDL,0.5602824457444853,0.5666647751308007,0.23616385232179338,352.0,339.54,0.0,0.9672259801267282,0.8011150705777913,0.9080892777415915,0.8451864009815054,0.9641288855694858,0.7497579898074271
353,amPEPpy + ampir + C_AMPs-predict,0.5600663428125,0.540628846206822,0.1106741181663603,353.0,367.54,0.0,0.9272202332373917,0.7609198660896775,0.8162183390499869,0.8362535399908136,0.8878854709029158,0.6616427197175433
354,amplify_imb + HMD-AMP + iampcn,0.5599331183925653,0.5831135370532271,0.14789172332005718,353.5,317.64,0.0,0.946046504023049,0.6335779642920372,0.5934004090502852,0.9684912845366651,0.8739724177213338,0.3987895252074665
355,HMD-AMP + iampcn + pepnet_fast,0.5596602138980801,0.5810136676437501,0.12527208276143775,355.0,319.38,0.0,0.9409504900629746,0.6596466661525898,0.6262464359527654,0.9399169223482001,0.8719152433421785,0.4018986056703049
356,ampir + amplify_imb + HMD-AMP,0.5588189157015931,0.56880641130625,0.07913231215941596,356.0,335.82,0.0,0.9249314667456733,0.669903190993541,0.6517332789811507,0.9071055854899711,0.8519326328186583,0.389632370068048
357,apex1.1 + pepnet_fast + pepnet_standard,0.5587521683210784,0.5419627966952615,0.09738668249999993,356.0,365.94,0.0,0.9131343035492504,0.777258774828125,0.8551635159230315,0.8149457173153802,0.8398028375080215,0.6876647374424472
358,amplify_imb + apex1.1 + iampcn,0.5578349747681781,0.5764014906246733,0.18023281167994276,358.0,328.18,0.0,0.9348366705785088,0.7278250334557151,0.7369253723163328,0.9099862624153521,0.8649983527946714,0.6862846445982635
359,amPEPpy + lstm + pepnet_fast,0.5573727944403595,0.5569049727698938,0.10404995468341494,359.0,353.8,0.0,0.9288031724227972,0.7038054706863238,0.6956551600581856,0.9093432499606298,0.8895779466211795,0.6036542121227527
360,amplify_bal + macrel + pepnet_fast,0.5573680650531045,0.543253837333415,0.08878401197814545,360.0,365.66,0.0,0.9236020958910371,0.7213285420046077,0.7435030930845604,0.8617570834623735,0.8764485564456423,0.63861877723655
361,ampir + AMPsorter + HMD-AMP,0.5560686505126633,0.574139140099755,0.12941613637714466,361.0,327.48,0.0,0.8976835979412386,0.6831122895019043,0.676664478998333,0.8879094452008304,0.7703165192784681,0.3959401094439914
362,AMPsorter + iampcn + pepnet_fast,0.5543620085620915,0.5798288361765932,0.19856857297743047,362.0,323.94,0.0,0.923792575726751,0.6835153705065474,0.667925044503585,0.9306178926503309,0.8349878062463456,0.5781366452173854
363,amplify_imb + esm-AxP-GDL + iampcn,0.5538209232587827,0.5767780950543301,0.1924951646354165,363.0,329.08,0.0,0.97807872586135,0.5947335573845495,0.5752848954737394,0.9913591566451841,0.974154552902738,0.42407189504858367
364,amplify_bal + apex1.1 + esm-AxP-GDL,0.5533175750643382,0.5412781326331699,0.13154068270373775,363.0,369.44,0.0,0.9608100659374212,0.8002224946683411,0.9283879758870309,0.7989812963827437,0.9493012300085701,0.6660104127846381
365,apin + C_AMPs-predict + HMD-AMP,0.5523318613368056,0.5520560794036357,0.08800130395373773,365.0,358.84,0.0,0.9216892542933994,0.6785998964047608,0.7002389012082127,0.8507499965192539,0.8588160703394755,0.4247833772169088
366,ai4amp + AMPsorter + ascan2,0.551878324185049,0.5537013269097223,0.11044623917687912,366.0,353.76,0.0,0.8805005651439943,0.6806531673302766,0.6874585226577791,0.8678733926077323,0.7427115745601423,0.4099661469221383
367,ai4amp + HMD-AMP + lstm,0.5513028065614787,0.5557315063439542,0.10140614106413393,367.0,352.06,0.0,0.8733930383400264,0.6486516581840185,0.649463736720106,0.8920515372597446,0.7157434317732132,0.3328089178152153
368,amplify_imb + AMPsorter + iampcn,0.5512932267248775,0.5784544713968954,0.21360431429330068,367.5,325.66,0.0,0.9185629269543972,0.6559477717077108,0.6396033990697775,0.9518592745577089,0.8192389948879978,0.5587709048050379
369,esm-AxP-GDL + HMD-AMP + iampcn,0.5507131652655228,0.5766302570313317,0.17026895788296575,369.0,327.66,0.0,0.9671781369616292,0.6205119554646452,0.579638704503945,0.9848392569858934,0.929402581328838,0.36381494798884695
370,amplify_bal + apex1.1 + lstm,0.5505916367299837,0.5325588034139297,0.12396481280841509,369.0,378.82,0.0,0.9224510583259858,0.7769994558455088,0.8570390894705456,0.8220519333073196,0.8714799372826693,0.6673152946687604
371,amPEPpy + ascan2 + macrel,0.5501194267340686,0.5384624279936684,0.16310746939031862,371.0,375.14,0.0,0.9007272483296217,0.6818753446022982,0.6781835350502924,0.8726342624724867,0.8083244738409595,0.42052061561287535
372,ai4amp + amplify_imb + pepnet_fast,0.5485522571497141,0.5486827125900735,0.0848862501986315,372.0,366.02,0.0,0.9184667792838553,0.7131418575172401,0.720910348397137,0.8811759684102644,0.8567306762189983,0.6088410562475906
373,AMPsorter + apin + macrel,0.5481444450490196,0.5610267866683416,0.08660268879442401,373.0,349.28,0.0,0.901016346402348,0.716391241515527,0.7423675966936886,0.8458358425363897,0.788766377188953,0.5078436159740397
374,ai4amp + amplify_bal + iampcn,0.5477880324387254,0.5521246329857843,0.03683068848600923,373.0,363.08,0.0,0.9307236671278026,0.6701763386503768,0.6445310739624249,0.9214865216497712,0.8690520431194463,0.4527881866586692
375,amPEPpy + amplify_bal + AMPsorter,0.54704797905433,0.5508921472133987,0.06264216602736927,375.0,364.22,0.0,0.9110391997870995,0.7113415678446047,0.7118116588551313,0.8858430363185725,0.8206366047364558,0.5941217293532679
376,ai4amp + HMD-AMP + iampcn,0.5465950010008169,0.5660720494060866,0.13625288373417077,376.0,340.68,0.0,0.9058804518583278,0.6614971882859507,0.6394916356181595,0.9242139490841526,0.779284714713657,0.31955014825456696
377,apin + HMD-AMP + macrel,0.5464055011897467,0.5515650131582107,0.15514934622600085,376.0,354.26,0.0,0.8888294734910254,0.657262384066005,0.6689819889540418,0.8651822933405358,0.7557118855388903,0.33757268671331503
378,ascan2 + iampcn + pepnet_standard,0.5457229286488972,0.5531259279069035,0.1128261698580475,378.0,355.6,0.0,0.9271324019020248,0.6350338358381311,0.613025363337438,0.924286912734127,0.847618391164428,0.295198106905664
379,AMPsorter + apin + HMD-AMP,0.5456446079064543,0.559879944359518,0.12118643296109055,378.0,347.56,0.0,0.8782772532932507,0.670721979296444,0.680807241548346,0.8646121377688641,0.7129998419922384,0.3785650347645711
380,ai4amp + amPEPpy + amplify_imb,0.5444139424622141,0.54369510266058,0.06649728225234885,380.0,375.6,0.0,0.9119310560810708,0.7111183664327393,0.7086359056678759,0.8920598116963309,0.8351055176006337,0.5898110192231903
381,amPEPpy + amplify_bal + apin,0.5437569826378676,0.5285628140763889,0.09167941586499184,381.0,390.84,0.0,0.9037314336624681,0.7055827332081965,0.7038157809269648,0.8820513287756843,0.8355054356568494,0.5645779408601731
382,amPEPpy + AMPsorter + apin,0.5434721550418709,0.5575963298308824,0.07848020379646659,382.5,356.88,0.0,0.8973686076236446,0.7288162769544341,0.7453699938983612,0.86385883363917,0.781515537580088,0.5700462017090867
383,ampir + amplify_bal + HMD-AMP,0.543372140430964,0.5385062952364787,0.11580799519301466,382.0,376.72,0.0,0.9133431176550785,0.6636555528216738,0.6549392117116594,0.8894472467154922,0.843612932891091,0.3905463691803089
384,amplify_bal + ascan2 + pepnet_fast,0.5424334949213644,0.5257998102167075,0.10560593189440354,384.0,396.02,0.0,0.9063459200752219,0.7040350962059021,0.7044243139548128,0.8790176029079847,0.8432102799115238,0.571193471865807
385,ai4amp + ampir + esm-AxP-GDL,0.5417675177542892,0.5484051224080474,0.035392649755412675,381.0,370.08,0.0,0.9285239939414319,0.6676367677699714,0.6554092476759097,0.9054832563132617,0.8691909693556537,0.410973615049557
386,apex1.1 + HMD-AMP + iampcn,0.5416997315318628,0.5626581218928514,0.13214794108404826,385.5,347.26,0.0,0.8926863776646711,0.7061194789753475,0.7088917133239633,0.8734980804677775,0.7281618932672184,0.4277035204070742
387,ai4amp + AMPsorter + lstm,0.5396273782107843,0.554624942038848,0.08402238110447291,387.0,361.56,0.0,0.9033343313287606,0.672003877342983,0.6756711758158248,0.8846955443782129,0.8004061453882492,0.42551825974721974
388,amPEPpy + HMD-AMP + iampcn,0.5391348081209151,0.5597437352405229,0.1207562855662786,388.0,354.26,0.0,0.9374171439975335,0.6422767581924423,0.5978993181616734,0.967028856141742,0.8534514254628643,0.36844280884031994
389,amPEPpy + lstm + macrel,0.5373004539961193,0.5443737766459967,0.057042328238868456,389.0,375.16,0.0,0.9255252621005591,0.687636934800318,0.6846701649571273,0.8922125316811007,0.8622634608938444,0.48224746845596783
390,ai4amp + apin + pepnet_standard,0.5368549524489379,0.5338853068775736,0.08531925247549016,390.0,386.72,0.0,0.8924555683350199,0.676069830231766,0.6911025039787813,0.8626018147058595,0.7978917987081584,0.4217717924998081
391,ampir + iampcn + pepnet_standard,0.5367611289797793,0.5500609664060458,0.0735239813740809,389.0,369.88,0.0,0.9323381703311906,0.6639315314701254,0.6335822946473318,0.9328538055663224,0.862350292299918,0.41370978608087466
392,amPEPpy + pepnet_fast + pepnet_standard,0.5365388295935458,0.526993508286397,0.08510327099724269,393.0,394.32,0.0,0.9126314785581225,0.703000261782238,0.7083263669288552,0.8828159747268264,0.8448131824044958,0.6169651678770108
393,ai4amp + amPEPpy + ascan2,0.536510703686683,0.5178682811537173,0.16879718319597636,393.0,403.26,0.0,0.8832091663521139,0.6615349062886412,0.653651973762987,0.8871799183536021,0.7769216901654263,0.3916837319661761
394,ai4amp + ascan2 + C_AMPs-predict,0.5362325013133169,0.5206425645609069,0.14115465136591104,394.0,400.34,0.0,0.9088939257725763,0.68469924792918,0.7112471185508991,0.8401654584330035,0.8544538908089452,0.4556806937080763
395,ai4amp + ascan2 + pepnet_fast,0.5361039737663399,0.5203333493679739,0.1440535328477328,395.0,400.18,0.0,0.8908729498141267,0.6690085803101086,0.6691629834433432,0.8754875782094768,0.8018931865164313,0.4145638572711985
396,ampir + HMD-AMP + macrel,0.5356199745220589,0.5369261464974674,0.17068361595230797,396.0,376.6,0.0,0.8989314634277085,0.6603048722402255,0.6641928111812484,0.8722401684435784,0.7898521066472478,0.34253741258760506
397,ampir + C_AMPs-predict + iampcn,0.5349386352399919,0.5473853799383988,0.09023870932444855,397.0,372.38,0.0,0.9480138096107718,0.7009414476880241,0.6927856974520025,0.899386362877256,0.9142507449779532,0.5056657373907804
398,ascan2 + HMD-AMP + lstm,0.5342666386846405,0.5284001917583333,0.20753624081137662,399.0,388.26,0.0,0.8696534953155225,0.6202696442049277,0.6118180637489902,0.9110416101721753,0.7087655267797914,0.25939081667515657
399,apex1.1 + ascan2 + pepnet_fast,0.534077724201389,0.5121593172471813,0.14252284649560854,399.0,412.22,0.0,0.8789180447727983,0.7526627048743194,0.8075237424537055,0.8193556861430457,0.7699385892389966,0.6615235604270617
400,amPEPpy + ampir + esm-AxP-GDL,0.5336385875653595,0.5446052620626634,0.11672607289573111,401.0,377.5,0.0,0.9537627647256285,0.6696987621252711,0.6361139777557704,0.950125902009173,0.937844650848134,0.5218645381617248
401,ai4amp + lstm + pepnet_fast,0.5334613190982436,0.5303672548651143,0.019825174194240125,401.0,395.7,0.0,0.9145576005210337,0.668042413282817,0.6669875523843238,0.886755395751441,0.8543318411465499,0.4366224326954208
402,ai4amp + ascan2 + HMD-AMP,0.532008968403799,0.5228555199272468,0.2002473957485703,402.0,398.16,0.0,0.8526928850487537,0.643098917167413,0.6474398832846645,0.8793485587294909,0.6708718593535978,0.31232649516203637
403,iampcn + lstm + pepnet_standard,0.5313169172691993,0.5542077793158089,0.1284593526725899,403.0,364.04,0.0,0.9475345608481239,0.6193466089497026,0.5905595154214891,0.9566019507615476,0.8935241432260549,0.30750167087154967
404,apex1.1 + C_AMPs-predict + pepnet_standard,0.5309992706821896,0.5140273402533089,0.12820605976715682,404.0,409.32,0.0,0.9484034317770078,0.7772001677080741,0.976647164611597,0.7204404438589577,0.9110866894040551,0.6125439175441942
405,ai4amp + ampir + pepnet_standard,0.5309171499611929,0.5237259872863153,0.09596862623059643,405.0,400.22,0.0,0.8924047553951056,0.6867741184843698,0.6949707977611336,0.8676770568918375,0.8003664295015118,0.44890809969506784
406,ai4amp + iampcn + macrel,0.5296528066962827,0.541062223312255,0.08456052292892147,406.0,382.88,0.0,0.908843835819967,0.6701952928550862,0.6629208317816685,0.8959367178015306,0.7925223227729594,0.38667993899554604
407,apex1.1 + esm-AxP-GDL + iampcn,0.5296083214307598,0.5508888997836192,0.21763667574244283,406.0,361.44,0.0,0.9337054071921423,0.6744494174556115,0.6944289799123986,0.9070809627288933,0.8842761149058321,0.5826791511964173
408,ai4amp + C_AMPs-predict + iampcn,0.5289030182863562,0.5337886397827207,0.03857614001685039,408.0,395.16,0.0,0.9410805242845018,0.7013242037012994,0.7208382356677158,0.8589625919719497,0.8953946265888765,0.516335496724367
409,ai4amp + esm-AxP-GDL + iampcn,0.5281679212408088,0.5537574827841094,0.18701931579095177,409.0,363.1,0.0,0.9584260464368346,0.6185604624948051,0.5844336316809174,0.9752558608007477,0.9254490520393613,0.3987744336517241
410,apin + iampcn + pepnet_standard,0.5280017541717729,0.5455739555659314,0.1147060078242444,409.0,373.56,0.0,0.9272936932874716,0.645979355661172,0.6270692656660037,0.921355626844119,0.8489233354840765,0.31906240288788057
411,amPEPpy + AMPsorter + iampcn,0.5269389825582108,0.5522627530667484,0.20121484186734062,411.0,364.48,0.0,0.9172541238195695,0.6485254766301408,0.6284119435561076,0.9549436093900354,0.8161785924487094,0.5476011985226388
412,amPEPpy + amplify_bal + macrel,0.5263598123233252,0.5103503601508986,0.0863797291161153,412.0,419.38,0.0,0.9145717106591075,0.7078929309299852,0.7218266776317358,0.8609507608982878,0.8539837661447491,0.5972010347330305
413,amPEPpy + esm-AxP-GDL + iampcn,0.5253715361468545,0.5476388635283498,0.18726405311631944,413.0,372.26,0.0,0.9723403950339159,0.5813417913394773,0.5605640659347415,0.9870988404174269,0.9702868822206813,0.4538959514461501
414,amPEPpy + ascan2 + pepnet_fast,0.5250945810243055,0.5102737843748366,0.08697704881484886,414.0,420.26,0.0,0.8988389758823839,0.692817818764178,0.6870730910644615,0.8874964649687985,0.8215882524947711,0.5542092406804471
415,amPEPpy + apin + macrel,0.5243032155892565,0.5247535307900327,0.08638683976817813,415.5,402.94,0.0,0.9045463598433615,0.6945874920952247,0.7061828645455734,0.8600530458475205,0.8158918628185047,0.4548177325551363
416,amplify_imb + ascan2 + lstm,0.5242453449040032,0.5238328383428513,0.08116715401092733,415.0,404.52,0.0,0.9250662494052572,0.6166253280009156,0.5971682766353172,0.926294309806304,0.8650199964411528,0.3019900614703369
417,amPEPpy + AMPsorter + pepnet_fast,0.5240560460069446,0.5324604926245098,0.1015126291482843,417.0,394.8,0.0,0.9109401763767808,0.7093188722804654,0.7176010854000247,0.8817447013848175,0.8224742816619152,0.6190883089021455
418,AMPsorter + HMD-AMP + iampcn,0.5230511008435457,0.557665865937745,0.20108297480290016,418.0,359.1,0.0,0.9064189488563951,0.6683383337582337,0.6388844915570852,0.9367893945240544,0.7646221147910796,0.3984242741481077
419,apin + esm-AxP-GDL + lstm,0.5226771142177288,0.5371198142492238,0.08636208398386436,419.0,389.72,0.0,0.9338844451367226,0.6216069079011849,0.6063256410877819,0.9335518231858947,0.876827034724402,0.2882758659428152
420,ampir + C_AMPs-predict + pepnet_fast,0.5225344569944853,0.5105643213618872,0.0820605312336602,420.0,419.76,0.0,0.9228702417168092,0.7393843858358307,0.7802972275343917,0.8457934142265916,0.8831303378282368,0.6732604758106409
421,amplify_bal + ascan2 + lstm,0.5192434729330065,0.5043872129102532,0.1429830669837624,421.0,424.74,0.0,0.9162827530388847,0.6133317775657204,0.6042640542824964,0.9051636423132035,0.8573744284810494,0.30192881728936916
422,amPEPpy + ampir + pepnet_standard,0.518666953690768,0.5115567368158497,0.04485594550704647,422.0,422.88,0.0,0.9053967539254352,0.699931043195626,0.695007752776744,0.8857804276174002,0.829078711017299,0.5405459953148343
423,ampir + lstm + pepnet_standard,0.518438323263889,0.5152936316647876,0.07439142035896651,423.5,417.18,0.0,0.916619855796119,0.6323291912049669,0.6197349128135105,0.9116979511788043,0.8476242696359999,0.3354978418890775
424,amplify_bal + apin + pepnet_fast,0.5182848687346815,0.5064607291227126,0.060375496007455176,423.5,427.68,0.0,0.9084076250936203,0.7053840541362235,0.7128505854168492,0.8728124045274658,0.849988122553377,0.57787250426055
425,amplify_imb + iampcn + pepnet_fast,0.5178919221180556,0.5342505143060458,0.15006196127450983,425.0,391.96,0.0,0.9387570278942783,0.6136693970478665,0.5981505030089186,0.9458104868348087,0.8863802690986311,0.525362799310268
426,ascan2 + HMD-AMP + iampcn,0.5173288747334559,0.5241947662825572,0.15631261420138887,426.0,395.62,0.0,0.9006763431004748,0.6183096354830635,0.5966129705005334,0.9333436752969689,0.7652641443342109,0.24290488354045747
427,apin + ascan2 + esm-AxP-GDL,0.516430192986111,0.5085142232351307,0.19750784500561686,427.0,417.06,0.0,0.9154570870959393,0.6043482650472796,0.5997847982909399,0.9053210398434682,0.839201888912262,0.24375763889654947
428,apin + iampcn + macrel,0.5160357764930555,0.529045460560621,0.12306173666258169,428.0,393.72,0.0,0.9009526931755145,0.6383055402115715,0.6230102166322711,0.9247328377760997,0.7767494315210527,0.27493012927295496
429,ai4amp + amPEPpy + amplify_bal,0.5159435672804331,0.49759249603958333,0.09281002521088644,428.0,436.38,0.0,0.8994628615379835,0.6951738732480957,0.702025421153971,0.8703469888950135,0.8237876589471683,0.5728341537516091
430,apex1.1 + ascan2 + esm-AxP-GDL,0.5151952505034723,0.5042016522685049,0.07662891384854986,430.0,430.74,0.0,0.9148765766318668,0.7129117655697387,0.7674753847779586,0.8100062826563409,0.8284957261059719,0.5671123227120158
431,ai4amp + amplify_bal + pepnet_fast,0.5143040770547385,0.501595966292361,0.0843119548779615,431.0,433.36,0.0,0.9052003821082404,0.703179177957475,0.7187468133186572,0.8649018527018993,0.8421468283304379,0.5960314184747078
432,ai4amp + amplify_imb + iampcn,0.5140812261499181,0.5351802202091912,0.16047126586805555,432.0,392.04,0.0,0.9349995744504778,0.6221055727019916,0.5954683335638078,0.9509648274404845,0.8674992989810708,0.4359268952106513
433,ai4amp + amPEPpy + lstm,0.5137391992810458,0.5160993805498366,0.020370864101307062,433.0,422.98,0.0,0.9106697631452346,0.6611168628254535,0.6526234583120242,0.902678610422717,0.8389525110837054,0.4150196222195116
434,amplify_bal + apex1.1 + macrel,0.5133348753410948,0.4900675663015115,0.1263647348575368,434.0,441.44,0.0,0.9209152999559708,0.7463104995370856,0.9782438328566699,0.6664442928065569,0.8629680571961795,0.5417437638960161
435,amplify_imb + apex1.1 + C_AMPs-predict,0.5128654803615196,0.49848774077009805,0.1301616093877656,435.0,432.48,0.0,0.951856503094418,0.7810960413341211,0.9750763381289754,0.7292563618838909,0.9269919505896134,0.6142679148665885
436,amplify_imb + apex1.1 + macrel,0.5127380705473856,0.4958770240486519,0.10649345128727522,436.0,439.72,0.0,0.9355686923595501,0.7361541488189233,0.9721006633953273,0.6569581887020252,0.8695390401860529,0.536251337657459
437,AMPsorter + apex1.1 + pepnet_standard,0.5125732333568219,0.5109470513270017,0.07636765183976713,437.0,424.84,0.0,0.91692404642972,0.7626904975603482,0.9081978012723996,0.742480155239107,0.8104238464929029,0.704389609942686
438,apex1.1 + macrel + pepnet_standard,0.5122289329707925,0.49338001006870913,0.10277650991166265,438.0,442.16,0.0,0.9201264009272849,0.7380798055327856,0.9577758481055589,0.6682882859876131,0.8317227003755522,0.5515837347999386
439,ai4amp + lstm + macrel,0.5119310680841503,0.507138038977696,0.09864736162785959,439.0,427.88,0.0,0.8840073178825154,0.6550153837515881,0.6695297672100601,0.8645622934862581,0.7567212266266264,0.37533936550017766
440,amplify_bal + amplify_imb + apex1.1,0.5114949150745507,0.4944459630999183,0.10337039358762257,440.0,442.54,0.0,0.911519726932021,0.739671319945652,0.7833864238951508,0.8352343919923076,0.8451455385397691,0.6603889363210623
441,ai4amp + ascan2 + macrel,0.511449083809232,0.4973169902330474,0.20414241882659312,441.0,432.28,0.0,0.8636880040876015,0.655955198276544,0.6667038661703165,0.8579382022946088,0.7157914284231193,0.3514774261017678
442,ai4amp + C_AMPs-predict + lstm,0.5103115935018382,0.5025458768807598,0.050177681433313026,443.0,438.58,0.0,0.9207569879774078,0.6759436303030562,0.7093228872209241,0.8376635140846854,0.8799433139771038,0.47206431317828274
443,ampir + ascan2 + esm-AxP-GDL,0.5100365086642156,0.5031509538309641,0.10673930040747553,443.0,432.66,0.0,0.9233842850840562,0.6157000849984406,0.598431625986398,0.9212923602278492,0.8598594441047563,0.3027332594507653
444,ampir + AMPsorter + pepnet_fast,0.5098335454789624,0.516733372402451,0.06279152182546976,443.5,424.64,0.0,0.9015877553974162,0.7151608202016598,0.7251839944557497,0.8771402421776816,0.8075946169968612,0.6026225816557044
445,ampir + ascan2 + pepnet_standard,0.509739329717116,0.493618568349183,0.1916687740594364,444.0,437.66,0.0,0.8945453910671549,0.6366959064582923,0.6288481624054935,0.8907381973313896,0.8068042854608352,0.328883184953148
446,ascan2 + lstm + pepnet_fast,0.5088561917881944,0.4995979209276961,0.12785771754136022,446.0,434.92,0.0,0.9073818618916863,0.6158538298296872,0.606639614836234,0.9056350832071427,0.8339431766030083,0.3001146786628054
447,ai4amp + amplify_imb + apin,0.5082526418474265,0.5124137280991014,0.03363423362745099,447.0,428.58,0.0,0.9074559385769033,0.6657097190556045,0.6728751864999744,0.8728550680130552,0.8289907306892815,0.4219228421417405
448,amPEPpy + ampir + AMPsorter,0.5076388610294118,0.5172971885214461,0.07361516650020417,448.0,424.18,0.0,0.9026369134557578,0.7222827710502879,0.7254269401014057,0.8834175457443966,0.7990196567409991,0.593650237449419
449,apex1.1 + C_AMPs-predict + esm-AxP-GDL,0.5075156652747141,0.49530995937079253,0.13923333785743458,448.0,439.06,0.0,0.9787638615456031,0.764506806212378,0.9931095133838436,0.6973467005521798,0.9669903151889961,0.5787942868201315
450,ampir + pepnet_fast + pepnet_standard,0.5049423887091504,0.4994565139820669,0.030511791482843054,450.0,446.08,0.0,0.9077731050051985,0.6971710234513697,0.700451668151092,0.8779091429350127,0.8458019216861848,0.5535810315939248
451,ampir + apin + esm-AxP-GDL,0.5045793850745506,0.5099084716223039,0.05311629604728352,451.0,430.38,0.0,0.9281372768472989,0.6339320424470123,0.6197674543039886,0.9166447080288943,0.8656701784044373,0.3228144579006998
452,apin + C_AMPs-predict + iampcn,0.5045148545659722,0.5181763768966912,0.0813323403763277,451.5,420.28,0.0,0.9323423445834541,0.6533301740470053,0.659015469660428,0.8838382838919516,0.8773783449426011,0.35179697143487626
453,apex1.1 + esm-AxP-GDL + lstm,0.5039213855463643,0.5036891047349673,0.1478802801000817,454.0,432.16,0.0,0.9423405786124245,0.7083167781185944,0.760816487370627,0.8344781964988961,0.907617956677046,0.6109577031027793
454,amplify_bal + apex1.1 + C_AMPs-predict,0.5038690853533496,0.48273308891613564,0.15085341361417492,453.0,452.7,0.0,0.9363332156527487,0.7762072899447622,0.9743128137576539,0.7225101206747583,0.9037529160162416,0.600130890305888
455,amPEPpy + apex1.1 + HMD-AMP,0.5036834506995507,0.4928642370934641,0.0678946173687704,455.0,448.76,0.0,0.8968841441243912,0.7584866127603548,0.8712597338106334,0.7691100709992829,0.7756833605182109,0.6719713150841711
456,apex1.1 + C_AMPs-predict + HMD-AMP,0.5029455064644608,0.4907496284529003,0.10111191169270833,456.0,451.06,0.0,0.9319248518567971,0.7793652377595356,0.9699044362826927,0.7276351133615848,0.8672238338788559,0.6335674468315017
457,apex1.1 + esm-AxP-GDL + pepnet_fast,0.5024600993392565,0.4965875407339461,0.16013514519403593,457.0,436.76,0.0,0.9565175113991229,0.782693447086246,0.9172934822840607,0.7917483466095838,0.947113356370176,0.6760826101573002
458,amplify_bal + amplify_imb + iampcn,0.5024432690625,0.5136380089887255,0.1169773861606413,457.0,423.62,0.0,0.9348858719240215,0.6135131189948183,0.5923880019616922,0.9459098594276384,0.8767792626289491,0.5127603117468085
459,ai4amp + AMPsorter + iampcn,0.5017100876327614,0.5309787245705065,0.1930963742580677,459.0,397.56,0.0,0.9086868606100856,0.6598467232488153,0.6499923980039298,0.9105760688721682,0.7937467516309786,0.4537636067947554
460,apin + lstm + pepnet_standard,0.49979557728553925,0.49667352659199343,0.11334281784211614,460.0,442.1,0.0,0.9102576379550357,0.6188182407142169,0.6212166388196648,0.8921134880458196,0.8346482278136987,0.295198106905664
461,ampir + ascan2 + C_AMPs-predict,0.4989001974550653,0.47923461903541664,0.18034748581852533,461.0,455.5,0.0,0.9101090373239756,0.6473418691296846,0.6532671283944629,0.8697050570946946,0.8663250980191017,0.361959256263163
462,amPEPpy + iampcn + macrel,0.49732974968545757,0.519696229708742,0.1589510152251838,462.0,416.32,0.0,0.9368831487544229,0.6282343099605648,0.6058590601755844,0.9424007668173595,0.8626369757057707,0.4645147757303499
463,amplify_bal + iampcn + lstm,0.4966380098029003,0.5145788901509395,0.11385323812857429,463.0,426.8,0.0,0.9492182078363163,0.6023844270595561,0.5744016034941009,0.9583345716132289,0.9119545102811738,0.3114495316431128
464,apin + HMD-AMP + iampcn,0.49502235794015526,0.5140150446803105,0.15239919823733655,464.0,414.48,0.0,0.8976254032230481,0.6297606946545122,0.6162124809229836,0.923627210012198,0.7591551086990861,0.25109548940317444
465,apex1.1 + C_AMPs-predict + iampcn,0.4948482231975082,0.48855535936388894,0.11473809892105807,464.5,453.24,0.0,0.9576669526176737,0.7873555063148013,0.9553304727333419,0.7565345317776239,0.93090841762741,0.6480048364331891
466,amPEPpy + ampir + HMD-AMP,0.4945337946497141,0.49465133062258987,0.09395760210580073,465.5,448.42,0.0,0.9061879446758456,0.6506182499129957,0.6397096118520195,0.896598065311203,0.8167445342360808,0.35871270975619163
467,AMPsorter + apex1.1 + HMD-AMP,0.4939443895547385,0.4984783578946078,0.06230254398897056,467.0,450.42,0.0,0.8790959467207039,0.7462144782986583,0.8754136581731288,0.7429961049550601,0.6977183740220554,0.6889799520065896
468,ascan2 + esm-AxP-GDL + iampcn,0.49340180608353756,0.515481536446487,0.12493453217728734,467.5,424.22,0.0,0.9550037888869004,0.5681929203850441,0.538226538531423,0.9831780834053108,0.9046739102475455,0.2793234645410768
469,ascan2 + iampcn + macrel,0.49292549127042484,0.4945618954805964,0.1409185888316995,469.0,441.98,0.0,0.9005018364016214,0.6158208264143415,0.6019814330090646,0.9208789442713451,0.7759608774074698,0.2602988416583391
470,ai4amp + amplify_bal + apin,0.49257338958946073,0.4853609020315359,0.06680273530994679,470.0,463.02,0.0,0.900441984052441,0.6656214997328839,0.6798750352325541,0.8611507281323846,0.8294452010943671,0.433790949140064
471,amplify_bal + amplify_imb + pepnet_fast,0.49160577911560455,0.48551107263063725,0.07658543268790852,471.0,460.92,0.0,0.9168950241502283,0.662710410679467,0.6599211781792471,0.8895021104863082,0.8609846553620081,0.548591262416737
472,amplify_bal + apin + iampcn,0.49126558471507353,0.49975589407773696,0.06962436368872549,472.0,445.38,0.0,0.9250366738957712,0.6290124879581445,0.6067260629158996,0.9242639001336822,0.854463663339744,0.32271110842209155
473,apex1.1 + lstm + pepnet_fast,0.491007067935049,0.4776570477335785,0.11127895118617248,473.0,468.32,0.0,0.9119193163933654,0.7552420010585673,0.8373979954813698,0.8111960153429841,0.8440825052872538,0.6592929123067153
474,AMPsorter + ascan2 + lstm,0.4904224646966912,0.49658842871642156,0.09954121052491843,474.0,445.3,0.0,0.8660798447358258,0.626939004748217,0.6180195200140981,0.9027130586263672,0.6971359245701881,0.2979219001211932
475,apex1.1 + macrel + pepnet_fast,0.4900000904319853,0.46964965593876634,0.12112770041768772,475.0,476.36,0.0,0.9171285570420104,0.7449806574402943,0.9730413169154891,0.6680177645733063,0.8528155584283249,0.5483101300847886
476,amplify_bal + iampcn + pepnet_fast,0.48976954715992643,0.4936730254267565,0.09352743182495904,476.0,454.62,0.0,0.9304403299441334,0.6525851268744916,0.6392048826113444,0.9114575293802014,0.8764310458055301,0.5314117123406462
477,ai4amp + ampir + amplify_imb,0.48900740224264705,0.4879752754098039,0.01873879788296573,473.5,465.74,0.0,0.9045994862715537,0.6736928436300329,0.6706303593340056,0.8842995703857698,0.826693564149147,0.45243811726391564
478,amPEPpy + apex1.1 + pepnet_standard,0.48844419416258167,0.46821934222369277,0.11330250948018794,479.0,480.98,0.0,0.8988351156866385,0.7325997517454687,0.8367879803215376,0.7622868118826681,0.8082844695751746,0.6166111556017663
479,apex1.1 + ascan2 + C_AMPs-predict,0.48829156597937096,0.4684602550892974,0.11741052017156856,479.0,479.86,0.0,0.9049505144042991,0.7816389666589685,0.959392743882639,0.7380380192686884,0.8401998471193357,0.6327250763718915
480,apex1.1 + C_AMPs-predict + pepnet_fast,0.48744110353758163,0.469091353082067,0.14639631635825157,481.0,473.44,0.0,0.9359009466756749,0.7740474667451721,0.9728962050530477,0.720738232679898,0.9108110710566939,0.6022728131753022
481,apin + esm-AxP-GDL + iampcn,0.48737171460682194,0.5141650058102124,0.1627741505101104,481.0,425.5,0.0,0.9559772235916185,0.5835004187803899,0.552420830443919,0.981771176696301,0.9095825555183882,0.2919954008877777
482,apex1.1 + ascan2 + HMD-AMP,0.4873092494495507,0.4788656171874183,0.15301450175755726,481.0,462.36,0.0,0.8403483084403177,0.6712403041930926,0.6983421143764103,0.832012733254167,0.6294112162790451,0.38385140063613604
483,ai4amp + ampir + HMD-AMP,0.48669945509906043,0.4838506836739787,0.1465879651557394,483.0,456.66,0.0,0.864712211540029,0.6398321035263179,0.646225120671852,0.8789102848361173,0.7121744042201894,0.3198681323961751
484,ascan2 + lstm + macrel,0.4865923498243464,0.4764613668841912,0.17744586359272874,484.0,461.74,0.0,0.8685578851007456,0.612851479320073,0.614647692128382,0.8918539794954125,0.7177330199653089,0.27974494934971467
485,apex1.1 + apin + pepnet_standard,0.4845539843647876,0.4718142487988971,0.07028452537173202,485.0,482.18,0.0,0.8957211865910124,0.7351052994784256,0.8116686123773514,0.793768166157612,0.8005317481489782,0.6412038918180213
486,amPEPpy + ascan2 + lstm,0.4829701813092321,0.47283337983296553,0.11066299893484477,486.0,477.9,0.0,0.9045742772172852,0.6067556694957082,0.5924683654550719,0.9210196645195694,0.825280666463822,0.2944874820328227
487,ampir + macrel + pepnet_fast,0.4824627602308007,0.47311758335788395,0.048963764928513065,487.0,480.82,0.0,0.9096250692232343,0.7058127971049787,0.7233528434158538,0.85999686624651,0.8542096979050384,0.5865511968947238
488,amPEPpy + apin + pepnet_fast,0.48231110428921564,0.4744935165051471,0.056870323619281016,488.0,481.28,0.0,0.9038421750177489,0.6927390951209103,0.6955691553651681,0.8796580183294281,0.8351811325427708,0.5643012488915886
489,ampir + HMD-AMP + pepnet_fast,0.4818915986774918,0.48368528647614367,0.0533314954345383,483.0,469.08,0.0,0.9078884648033193,0.6480421530461897,0.6429939983492158,0.887917954813208,0.830234193451645,0.38749739512300146
490,amplify_imb + apex1.1 + pepnet_fast,0.4817235727073121,0.47224291783014705,0.10404285538449765,490.0,476.62,0.0,0.9168771699497836,0.7427553115296042,0.8031360049169386,0.8271972001672778,0.8553707807647599,0.677203375356959
491,ai4amp + AMPsorter + apin,0.4816697023754085,0.49234754287696086,0.07497922791156053,491.0,458.76,0.0,0.876450586565472,0.6660883125482213,0.6905419213779872,0.8477101705089414,0.7393345418827599,0.4131044656633193
492,ampir + esm-AxP-GDL + lstm,0.4815669973794935,0.49309959811875,0.07120694840073538,490.5,462.72,0.0,0.9416131017202783,0.6112170298452226,0.5885093994988507,0.9444911881578745,0.9000875590088551,0.3101740094796918
493,ai4amp + ampir + AMPsorter,0.4800429199673203,0.487641561438603,0.05546630799581287,493.0,464.76,0.0,0.8855325864980429,0.6875999207482145,0.7048239205313478,0.8553219466409215,0.7655830510494586,0.4652513950057057
494,amplify_imb + AMPsorter + apex1.1,0.4793667861999591,0.4869624578419935,0.13006092112847234,494.0,460.18,0.0,0.9083499992086624,0.743564228556921,0.8688791063720144,0.7581512773327833,0.8022436021648821,0.7154941149753526
495,amPEPpy + apex1.1 + ascan2,0.4789572355187909,0.45564110987818623,0.15001606705014303,496.0,491.62,0.0,0.8578437162521414,0.7290203826614192,0.8015085490509825,0.7858561571078168,0.7201689898189486,0.63046162426478
496,ampir + HMD-AMP + lstm,0.4784445016962827,0.4797836451381127,0.12346887151041669,497.0,467.56,0.0,0.8796932038805698,0.6114639227529071,0.6017205518275981,0.9196968627333012,0.7373609050595191,0.26527743153857086
497,apex1.1 + esm-AxP-GDL + macrel,0.4783936642248775,0.4670009480572304,0.10817279620404407,495.0,486.58,0.0,0.9404832463830791,0.7409636281488904,0.9785209391821513,0.6639730122072828,0.8872427606904972,0.5464543718890988
498,AMPsorter + apex1.1 + esm-AxP-GDL,0.4781571448131128,0.48294818986960786,0.17562575155433008,498.0,459.18,0.0,0.948731800463066,0.74740701891174,0.9290457201458713,0.730506515992567,0.9211376869545042,0.7017092297085784
499,ai4amp + apin + HMD-AMP,0.47775356466094776,0.4789274218147468,0.12656982342218143,499.0,467.8,0.0,0.8606561927649757,0.6343970344277462,0.654507525107706,0.8627131870352347,0.6981700440177264,0.3184374015686137
500,ampir + amplify_bal + amplify_imb,0.4775926247406046,0.46874308750665855,0.0601395826639094,500.0,490.74,0.0,0.9111796989707773,0.6666233239538176,0.6561312361102924,0.8967519727172997,0.8501744282864848,0.5363696868994107
501,amPEPpy + amplify_bal + iampcn,0.47711062162888074,0.47857915112401955,0.08850686965839455,502.0,477.5,0.0,0.9268121350490381,0.5987664698268789,0.5723992637636218,0.9533188707435617,0.8676686639407661,0.48674049506050154
502,ampir + AMPsorter + ascan2,0.47705598067401966,0.47292145080686276,0.15010737368106614,501.0,474.38,0.0,0.8771820237539938,0.6393043318090199,0.6339392845971795,0.8870119306987441,0.7406901426965091,0.32822072678569597
503,amplify_imb + apex1.1 + apin,0.4765646415533089,0.47072408372720587,0.06645596949652771,502.5,486.88,0.0,0.9032538218025042,0.750632308528781,0.8334687663453635,0.8050494998149974,0.8132248180669588,0.6883968644155095
504,apin + ascan2 + pepnet_standard,0.476436472537786,0.46333902380032677,0.22559151034977543,504.0,473.44,0.0,0.8931172756195327,0.6065644819971504,0.607336309534051,0.8907339425252007,0.8015025987430817,0.24873187705837982
505,iampcn + lstm + pepnet_fast,0.4761506238235294,0.4974220175975082,0.13853836160539212,505.0,451.06,0.0,0.9432633246095441,0.5873896728146164,0.5640738855571846,0.9585287330351506,0.8965973490919321,0.3076312566175422
506,apex1.1 + C_AMPs-predict + lstm,0.475717891904616,0.45950975289424023,0.134483228157169,506.0,491.74,0.0,0.9241180136431847,0.7871357696387555,0.9537100473283006,0.7567654570912031,0.8943188415820765,0.6383591894359432
507,ampir + apex1.1 + pepnet_standard,0.47547858430453427,0.46119408792806377,0.08419989193627447,507.0,498.12,0.0,0.8864566262320116,0.7362405383168736,0.810662653201136,0.7917902107860421,0.7863063699570384,0.6391286451102288
508,amplify_bal + AMPsorter + apex1.1,0.4747760980147059,0.4688736932542074,0.0805181700459559,508.0,487.94,0.0,0.9051409113467894,0.7458140423444068,0.8909230857110216,0.7333792128118,0.7981080924683609,0.676512398152946
509,ampir + apin + pepnet_standard,0.4743063806689134,0.4702508553066177,0.11698943173100496,508.5,484.0,0.0,0.897324248313784,0.6466274164827209,0.6480580387600933,0.8806061417961414,0.8150177408289714,0.3559750406458124
510,ampir + amplify_imb + lstm,0.47370670465175657,0.48050828762054737,0.04650250261795341,510.0,481.44,0.0,0.9343943663286511,0.6173263651321071,0.5953605217372157,0.933958245908897,0.8935947232917386,0.3340272488940687
511,HMD-AMP + iampcn + lstm,0.47252559267769606,0.49740991277230395,0.13590354231260215,507.0,448.74,0.0,0.9204278929762086,0.6044302758167763,0.5731109304247602,0.9672760359980556,0.8168487487075603,0.25463350878426977
512,ampir + iampcn + macrel,0.4718143197058824,0.48617582517214053,0.08637202928257759,512.0,470.14,0.0,0.9198046592392696,0.6299075351834525,0.6073295572812792,0.9306935947276185,0.8265260503803568,0.3276227362408967
513,ai4amp + ampir + C_AMPs-predict,0.4710884675479984,0.4628961106793301,0.06827436633527378,514.0,496.5,0.0,0.90666368821996,0.691755610065205,0.7392616342725992,0.8164528897081086,0.86190809073742,0.5166304671462006
514,amPEPpy + amplify_imb + iampcn,0.47108763086397065,0.480389536747018,0.10961118357638899,512.0,475.5,0.0,0.937015040534749,0.5132650308356901,0.5155278546388263,0.9781393699351989,0.8726126832813361,0.3623106515820152
515,ampir + AMPsorter + iampcn,0.4705370167391748,0.4965562901618464,0.1688911593882761,515.0,452.24,0.0,0.9098184789131721,0.6381790098342518,0.6160112457603587,0.933464215153819,0.7988357870139716,0.419415483198999
516,esm-AxP-GDL + iampcn + lstm,0.47040340412479575,0.4996038140066993,0.1868735039823325,516.0,445.38,0.0,0.9670218408676158,0.550301405784729,0.5301250760458268,0.9887161630910928,0.9540161942878509,0.2790301318013592
517,amPEPpy + macrel + pepnet_fast,0.470311236283701,0.4620031307458742,0.07769058378727534,513.5,497.88,0.0,0.91707189653108,0.6994994473892014,0.7228809128736131,0.8568686805072669,0.8586407551785938,0.6231082149775184
518,ai4amp + ampir + amplify_bal,0.4701592688694853,0.45575180546213223,0.10968420170087828,518.0,500.98,0.0,0.8912330789868425,0.6653227707432839,0.6692603779855658,0.8694277776226772,0.8155648692311607,0.450805041763189
519,ascan2 + C_AMPs-predict + lstm,0.4698385984824346,0.45651257212822716,0.11609136851205076,519.5,500.96,0.0,0.9192766371745282,0.6141060372482445,0.6300833714855902,0.8699062117501183,0.8777690818835766,0.3135138755369242
520,ampir + esm-AxP-GDL + iampcn,0.4697629594597631,0.4921178409832925,0.1601862574841708,520.0,458.32,0.0,0.9638183907656416,0.5608121953716155,0.5342034220015895,0.9851211202216481,0.9441710754501681,0.3221872175793027
521,apex1.1 + HMD-AMP + macrel,0.4693201288306781,0.45606361494003267,0.07112296673917479,517.0,507.58,0.0,0.883738472874272,0.7072912142530124,0.9000076172822083,0.6649806769903068,0.7199251694221369,0.5598263817716315
522,ampir + amplify_imb + ascan2,0.468883090561683,0.45644912987009806,0.12702262982843132,522.0,499.22,0.0,0.9074489015199871,0.6164613789237537,0.6052894377174756,0.9000372270292587,0.8357374095519607,0.3253793173954313
523,amplify_bal + ascan2 + iampcn,0.4688008851787173,0.4682016486836193,0.08132163688674432,522.0,491.04,0.0,0.924316449473328,0.6064818603925751,0.5894066840801018,0.9196775408057051,0.8541230089867667,0.297620997943745
524,C_AMPs-predict + iampcn + lstm,0.4682885133374183,0.48952550599910133,0.1466708546650327,524.0,464.04,0.0,0.9474068574914094,0.6108713022058057,0.6106525913178321,0.9139602730376509,0.9239493035703206,0.3289878692319549
525,AMPsorter + iampcn + lstm,0.4676166339797795,0.4986112478670752,0.18895311613408922,525.0,447.82,0.0,0.8939248329531077,0.5978492019773084,0.5779123872081698,0.9540261496723662,0.7735694011980154,0.31185960492812237
526,ai4amp + iampcn + pepnet_fast,0.4674935688541666,0.47710247064991834,0.08705469000612742,525.0,484.52,0.0,0.9237461700683253,0.6402996933521755,0.6290158124650026,0.9070518153587249,0.8548868302602826,0.44501028790957803
527,amplify_imb + iampcn + lstm,0.4673002806811683,0.4905750548175653,0.1559431594505719,527.0,460.88,0.0,0.9544411801284695,0.5568841024444634,0.5358839851962914,0.9739989356491945,0.9186754120904036,0.3022344127183358
528,ai4amp + amPEPpy + iampcn,0.46705183747651147,0.4819544266248774,0.1169513179524102,528.0,477.32,0.0,0.9188796340758958,0.6152314241655842,0.5884461305636234,0.9448491762102229,0.8319426456039192,0.401863426458642
529,ampir + amplify_bal + ascan2,0.4656600443065768,0.44324579645980394,0.19835292707056779,529.0,501.74,0.0,0.8930529027657638,0.6147305020059944,0.6092510569639988,0.8872701234189568,0.8197255589660642,0.3321533377873193
530,ampir + ascan2 + HMD-AMP,0.4652530004677288,0.45421141576830065,0.2266986211391952,530.0,488.18,0.0,0.8593688756017825,0.6079168703439548,0.6070350179083365,0.8941118113722789,0.6964794993020956,0.2563693051218439
531,ai4amp + apin + pepnet_fast,0.4648852531934232,0.4585164469035948,0.05687672434129909,530.5,506.6,0.0,0.8912830863513829,0.6595421031637286,0.6768003958063501,0.8569852007337196,0.809009281578668,0.42825741409434437
532,amplify_bal + apex1.1 + apin,0.46430391193321074,0.4478887085335376,0.10041474946589052,533.0,517.36,0.0,0.898019995329963,0.7412562308641929,0.8337692669664399,0.7881006142632963,0.8267199627634852,0.653443672966635
533,ai4amp + apex1.1 + pepnet_standard,0.46428647202103757,0.4503888200789216,0.08662623927696084,532.0,515.06,0.0,0.8876313174320213,0.7288030811797225,0.8600826901407258,0.7345964480808682,0.7705736022415821,0.6446669095278907
534,apex1.1 + iampcn + macrel,0.4639737028278187,0.45707626871135626,0.04173993237132351,524.0,512.28,0.0,0.9082766680106769,0.7357058058644276,0.8940394862350266,0.7122328202821951,0.7731468174487066,0.6032467219344907
535,ampir + amplify_imb + iampcn,0.461145421499183,0.4755092964526962,0.11973141518280223,535.0,486.32,0.0,0.9384226818297435,0.5669793621015612,0.5438426117525664,0.9666012661547193,0.8804310374207269,0.3937736315157165
536,apex1.1 + iampcn + pepnet_fast,0.45993937316482847,0.46122344626768785,0.1225711917488766,536.0,499.08,0.0,0.9280695873644911,0.7292056662986265,0.7678816867219128,0.8534288608741137,0.8617700372069276,0.6832290815317669
537,amplify_bal + apin + lstm,0.4587871687591911,0.4515718176848039,0.07890625682444852,537.0,513.0,0.0,0.9169479331891058,0.602815900610523,0.605222048398081,0.8933145625539108,0.8629100212240375,0.29724398773759314
538,amplify_imb + apin + ascan2,0.4583732036008987,0.44752465526948526,0.18016772473243464,538.0,502.16,0.0,0.9020500676305664,0.5910810342710755,0.5908439710959793,0.8962876188386198,0.8224694722066707,0.2510945144289311
539,amplify_bal + apex1.1 + pepnet_fast,0.458179975840482,0.4365403564220179,0.13338679487030214,539.0,527.88,0.0,0.8996293445290405,0.7229143491409733,0.7809809487769153,0.8162896863656691,0.8327183645274844,0.6191873953581806
540,amPEPpy + iampcn + pepnet_fast,0.4576145240747549,0.4637483138375817,0.11842572435968146,540.5,498.38,0.0,0.9266111343201748,0.5936874729359726,0.5804766426727239,0.9400527298751383,0.8695735729911387,0.4990529547317052
541,ampir + ascan2 + macrel,0.45749082657169116,0.43647841618558003,0.23408820999744698,541.0,505.66,0.0,0.8701867618379581,0.6117762188202939,0.6149228419252087,0.8797267271732135,0.746199516664296,0.27944319242441645
542,amplify_imb + apin + lstm,0.457439455464665,0.4642835029252859,0.045078011537479534,532.5,504.38,0.0,0.9246891887300356,0.6040063081560709,0.5965427867915322,0.9131051868453627,0.8694914587021988,0.2968048756752157
543,apin + HMD-AMP + lstm,0.45695784357026137,0.4586180493890523,0.1273777471292893,544.0,500.76,0.0,0.8697466033605942,0.6019555134709332,0.6098440341711179,0.8943503878344573,0.7136242739157274,0.25752675112483164
544,ai4amp + amPEPpy + pepnet_fast,0.4567565741676879,0.44884321581732034,0.07909600359170749,544.5,520.1,0.0,0.8976063705684719,0.6850873606049251,0.699011631677883,0.8675773553414589,0.8232929856334067,0.5840652961644806
545,apex1.1 + C_AMPs-predict + macrel,0.4567458517197713,0.44178041059191175,0.12502461146446076,540.0,522.08,0.0,0.948390742046568,0.6945673852804709,0.9917926150733435,0.5932154135945025,0.9175718548342541,0.48219786146478927
546,amplify_imb + ascan2 + iampcn,0.4557884539981618,0.47018740342267157,0.0802620430203227,517.0,495.64,0.0,0.9296501239406024,0.570062684432398,0.5478075461148846,0.9519466474139934,0.8502903193187351,0.2936376879763703
547,ai4amp + ascan2 + lstm,0.45555954030433005,0.4426399196071486,0.17122446229064536,547.5,510.04,0.0,0.8223457358513562,0.6030535454901637,0.6099466355939622,0.8899688738347526,0.6066093943048465,0.2687129471880687
548,ampir + HMD-AMP + iampcn,0.45542147953431367,0.4716030321183823,0.1098958678686684,548.0,491.12,0.0,0.9150300207383174,0.6151027438031917,0.590521810204967,0.9422921329152976,0.808278959423551,0.2700908129264503
549,ai4amp + apin + C_AMPs-predict,0.45526199647569443,0.44735841478006544,0.0668014046384805,546.5,522.84,0.0,0.9058548389600691,0.6689859119358083,0.7158135433496348,0.81590324348536,0.8526834152186888,0.46424135767575964
550,AMPsorter + apex1.1 + C_AMPs-predict,0.45520932735192,0.4473641414406863,0.12344311241013067,551.0,515.4,0.0,0.9363710486183564,0.7296899787805393,0.9645093077096067,0.6641743890533317,0.8768209764693989,0.6061463369826587
551,ai4amp + amplify_imb + apex1.1,0.45473485154616017,0.44644297730400334,0.08665210103451793,548.5,523.18,0.0,0.9034704037066358,0.7370594878567683,0.8798051298911985,0.7354975594740459,0.8082607523392007,0.6484260865821077
552,apex1.1 + HMD-AMP + lstm,0.4540285013378268,0.452760301308987,0.05923306015012253,546.0,517.16,0.0,0.8705907920009337,0.6658123278236431,0.7034997471843797,0.8261080621219016,0.7021083832504837,0.4233007175295497
553,AMPsorter + ascan2 + iampcn,0.45352062257148684,0.47657121471058006,0.1346302622309028,553.0,482.82,0.0,0.8807994618979506,0.6139128749227483,0.5924113301417027,0.9281108004049351,0.7119541752072942,0.29753348680865327
554,AMPsorter + apex1.1 + pepnet_fast,0.45348504746323537,0.4490140708169526,0.09533116743310865,553.0,519.68,0.0,0.9024636113800854,0.735028499107783,0.8846922980187647,0.7266608969243985,0.795183086150444,0.6680598098228622
555,amPEPpy + amplify_bal + amplify_imb,0.45302981479575166,0.44546597504722213,0.07597216517514294,554.5,526.16,0.0,0.9034456817236366,0.6295116639561688,0.6176394503363488,0.9047388845352512,0.8310248020748892,0.5073318889490616
556,ampir + amplify_bal + iampcn,0.45300448015522876,0.45363592430665844,0.03980115045802696,536.0,521.2,0.0,0.9275844789079875,0.6135967688187411,0.5866827295830247,0.9365963267417022,0.8706246162817112,0.4125562749526893
557,ampir + amplify_imb + pepnet_fast,0.4527294356740197,0.44988825109342323,0.061222708418096405,556.0,523.72,0.0,0.912221430476817,0.6610929428021078,0.6578224912385786,0.8911749548458875,0.8517220264548815,0.5481751964898098
558,ampir + amplify_imb + apex1.1,0.452277756148897,0.44498407613186275,0.06889695148488556,553.0,528.0,0.0,0.9065524302454752,0.7465490539410412,0.8356919183671487,0.7913304406710994,0.831215047160175,0.6833302657608066
559,ai4amp + ascan2 + iampcn,0.45226493592830885,0.4490465923926062,0.1496354030565767,558.0,512.0,0.0,0.8812424425717955,0.5997940854597877,0.5918250114548673,0.9130190014104054,0.7419066977991112,0.25283888910938035
560,apex1.1 + ascan2 + iampcn,0.4515991563204657,0.44842232754362754,0.15424886372651148,560.0,511.3,0.0,0.8632221946238032,0.6423695107104789,0.6410270488162096,0.8813741494625837,0.6822567111609917,0.30598866777141
561,ascan2 + iampcn + pepnet_fast,0.44970956671772877,0.4556888548646242,0.061323306059027916,548.0,516.34,0.0,0.9231791475563619,0.5958955038514179,0.5791280265759339,0.9235498631471671,0.84867510641067,0.2944940837224413
562,amplify_bal + apin + ascan2,0.4492059715890523,0.42954682525053106,0.2144068521170344,562.0,516.72,0.0,0.8965859637275728,0.5921206076128155,0.5947634473119662,0.8883399741638472,0.8254747500283224,0.25233860437657196
563,ai4amp + amPEPpy + apin,0.44919500073733654,0.44463243335890523,0.060677626740196056,561.0,527.22,0.0,0.8855637225575842,0.6522323323372974,0.670173676939533,0.8573897781202976,0.7848571606200535,0.39826365573800243
564,amPEPpy + amplify_imb + pepnet_fast,0.448850392305964,0.44612007928794933,0.10135730056117243,564.0,523.94,0.0,0.9099962964357869,0.6348405614311979,0.6304688469827453,0.8978656743691067,0.8465357956830802,0.5319511149521345
565,amPEPpy + ampir + macrel,0.448797113222018,0.4390784518515523,0.06792162533752044,564.0,536.22,0.0,0.9057084540264557,0.6987767427340605,0.7118608186450727,0.8566215006509535,0.8352699679023236,0.5552214759255248
566,amplify_imb + apin + iampcn,0.447171268213848,0.4705915077199346,0.1408018348631535,566.0,493.04,0.0,0.9292837012573102,0.5859712087681896,0.5651761672495189,0.9463858840853151,0.8531834016767499,0.31144219985196475
567,apex1.1 + apin + esm-AxP-GDL,0.44611039516850487,0.44337829369101306,0.0634947635294118,567.0,533.74,0.0,0.9204852036449155,0.7003326098251527,0.79262944381084,0.7741541675422637,0.8345502221892042,0.6122259727268783
568,ai4amp + ampir + macrel,0.44557440410743465,0.43644468166789224,0.1313441637060866,568.0,529.1,0.0,0.874386108125055,0.6557418447825247,0.6858802257378578,0.8323080188235856,0.7598216272834275,0.39354744365268574
569,iampcn + lstm + macrel,0.44450567720281864,0.4675600923160131,0.12606683366472632,550.5,497.32,0.0,0.9190582038735604,0.5916048110720012,0.5767128539399684,0.9457778839675829,0.8230483585632964,0.2709981126951734
570,apin + ascan2 + pepnet_fast,0.4423348960661765,0.42729985789979574,0.19605740563521246,570.0,523.88,0.0,0.8882097601522312,0.5952895350167337,0.5997665005141424,0.8875639863912571,0.79938276788716,0.25293082962034147
571,amPEPpy + apex1.1 + C_AMPs-predict,0.44129551669730394,0.42460934311343956,0.14795823804789632,570.5,540.38,0.0,0.9310129052563921,0.7344510946363764,0.9776928464840697,0.6606727254010271,0.8936913005376913,0.5526735650122704
572,ai4amp + apex1.1 + esm-AxP-GDL,0.4407259159936684,0.43210722794232026,0.1068338544240196,572.0,540.66,0.0,0.9214347213557756,0.709826408094814,0.86546314293816,0.7135960521054329,0.8501571480294815,0.6048420136458035
573,ampir + AMPsorter + lstm,0.4401818085539216,0.44991927762418304,0.05548973336141744,545.0,527.3,0.0,0.8975457822296926,0.6201962564365577,0.6148159513532813,0.9026765299105012,0.7901155084579389,0.3291849880419546
574,apin + lstm + macrel,0.44016523408394603,0.435820403086683,0.12299386202920759,573.0,532.68,0.0,0.8667785414685101,0.6052209918642848,0.6155988603029368,0.8857368118862751,0.7181465071165342,0.27606624676515124
575,amPEPpy + ampir + amplify_imb,0.43959668927389706,0.43257209158619275,0.06129148566533904,566.0,547.02,0.0,0.9072239361235793,0.639834296705179,0.6196381232783643,0.9156945040499652,0.832001967597995,0.505342059825721
576,AMPsorter + apin + iampcn,0.4394467483220997,0.47075254032005714,0.1726883560840481,576.0,488.38,0.0,0.8750682543633355,0.6192228644082635,0.610144429688866,0.9150305465218475,0.7065485121502402,0.3266105264343946
577,AMPsorter + apex1.1 + ascan2,0.4387477912275326,0.4393638972274918,0.021732730531556388,544.5,538.66,0.0,0.8423584821073754,0.7156260643973749,0.8099683861952683,0.7567599672514103,0.6307865713396804,0.592184560603754
578,ampir + amplify_bal + lstm,0.4384276826899509,0.42999277551674836,0.05615812561070255,573.0,550.78,0.0,0.9178011972186307,0.6051079037214416,0.599996382448359,0.902740561208792,0.8698580594081745,0.3366011409468506
579,apex1.1 + ascan2 + macrel,0.4380547746282679,0.4194394712370098,0.13837718438827606,579.0,548.76,0.0,0.8399159740726013,0.6711883570356477,0.801044339855915,0.6905455133328443,0.6454322019463141,0.5414768158469961
580,apex1.1 + apin + pepnet_fast,0.4378270269669118,0.4238138892281863,0.09328831818627453,580.0,554.12,0.0,0.8877485084640911,0.7325403567348588,0.8249138052542072,0.7834314658427722,0.79737133815188,0.6524091689078856
581,ampir + apin + HMD-AMP,0.43677234116319447,0.4357788697810049,0.16869793744791656,581.0,524.84,0.0,0.8659430998762572,0.6123489449826642,0.6203678991495546,0.884173588301404,0.7187112182623676,0.2649973949813394
582,ampir + ascan2 + pepnet_fast,0.4357361353788807,0.41901632374064546,0.15124907441431779,582.0,543.18,0.0,0.8822413297672953,0.6108104514703346,0.605313846615393,0.8897514646365946,0.7919027098466248,0.3310146893341699
583,amPEPpy + ampir + ascan2,0.43473006484375004,0.4141166008000409,0.18882406441636018,583.0,539.34,0.0,0.8823297709666296,0.5983769628274004,0.5927655947584936,0.8944761347430319,0.7848052900198629,0.2981559354097184
584,amPEPpy + apex1.1 + lstm,0.4346810705126634,0.4221302877772875,0.10890095923151549,584.0,553.1,0.0,0.8973782184141594,0.747009740071053,0.8396241772936944,0.7961770732315051,0.8186204276268998,0.6483424203797615
585,ai4amp + amplify_bal + apex1.1,0.43456200375306375,0.41857403380441177,0.11339245192504083,585.0,559.0,0.0,0.8917366259080469,0.7249447872809589,0.872063985681851,0.7244584929516877,0.8060625074777602,0.6145455894959735
586,ampir + apin + C_AMPs-predict,0.43366414906352124,0.42394244504297385,0.08896244994536356,586.0,551.32,0.0,0.9080422245888121,0.6492857916582961,0.6790447334879469,0.8387683771665659,0.8648949497451444,0.40292699747114574
587,apin + lstm + pepnet_fast,0.43346631735498364,0.4311651547187092,0.06122042376276554,583.0,548.44,0.0,0.9087176123377426,0.6007741314578952,0.6057826612360856,0.8899971281140323,0.842380312012257,0.29598228080409866
588,amPEPpy + ascan2 + iampcn,0.43161053230494284,0.4376409289449755,0.05747305509344375,580.0,541.42,0.0,0.9200170161301884,0.5842003639065624,0.5579982722992916,0.950555666290169,0.8321584892574623,0.27346364343780966
589,AMPsorter + apex1.1 + iampcn,0.4307028341247957,0.45605116221858666,0.18911493026654402,588.5,504.82,0.0,0.8649049111104653,0.6883732202842253,0.7661915222064216,0.7920928993431021,0.7126122061830232,0.6130164282657077
590,ampir + AMPsorter + apin,0.429889478247549,0.4389494158692811,0.07909380019965273,580.0,537.78,0.0,0.8741218462141965,0.6441535832723626,0.6555889228374348,0.8664996528992882,0.7379414587861014,0.3574004133351303
591,ai4amp + apin + macrel,0.42918454730800654,0.42485922023517164,0.11852979068423203,591.0,547.04,0.0,0.8652129686305959,0.6365197608113945,0.670044261673159,0.8324564840021669,0.7222974261340751,0.35787216399909594
592,ampir + amplify_bal + apex1.1,0.4289284043933823,0.40983291374836606,0.09768523239123778,592.0,567.86,0.0,0.8777317178637873,0.7154902241231996,0.7953837351940126,0.7822503365502641,0.7932665236625746,0.6159602760365933
593,amPEPpy + apin + ascan2,0.4280813360580066,0.4118830002329657,0.2102129005708742,593.0,541.6,0.0,0.8795782123771702,0.5862195923602678,0.5904821136171897,0.8887997442787897,0.7779133747152406,0.24078312102279903
594,apin + iampcn + pepnet_fast,0.4280218578227125,0.4428433431815768,0.08045732402369288,562.0,536.0,0.0,0.923016904575454,0.6047939085721209,0.5923676629466814,0.9169796834807978,0.8516344775495286,0.31870562304589356
595,apin + ascan2 + HMD-AMP,0.42684950206903594,0.414976563391054,0.2289511090527982,595.0,536.48,0.0,0.8492829915667749,0.5850674968470188,0.5983162228792781,0.8797878194955104,0.6689662845020407,0.22734723503328125
596,apex1.1 + apin + C_AMPs-predict,0.4259375841084559,0.41041930877189536,0.12473303856311285,595.0,565.3,0.0,0.9038993850964943,0.7653788151395369,0.9599344085857741,0.719036275577261,0.8503215876654049,0.6140260406990344
597,ampir + amplify_imb + apin,0.4251585236468546,0.42545314215812907,0.04520799375051071,555.5,557.2,0.0,0.908861278899083,0.6258638546833797,0.621865526859924,0.8910578113314478,0.8409536529239284,0.3533137787093051
598,AMPsorter + apin + lstm,0.42449456056066176,0.4338066921910948,0.06949274911917902,599.0,547.74,0.0,0.8601127105557976,0.608109996660856,0.6164525698922062,0.8860540164165688,0.6919747038417207,0.2960148349206809
599,amPEPpy + apex1.1 + esm-AxP-GDL,0.4244814006648285,0.4197581208813726,0.18696162372906444,598.0,539.68,0.0,0.9411323263807532,0.7443450808234054,0.8907932315775362,0.775992354911145,0.9274383073309734,0.6507855701017641
600,amPEPpy + amplify_bal + pepnet_fast,0.42445840914930555,0.41184397962724667,0.09556442870046977,598.0,569.32,0.0,0.8944973497886352,0.638394846406154,0.6390469628564867,0.8807781490813968,0.824561366159733,0.5257036145175941
601,ampir + amplify_bal + apin,0.42402995459660947,0.4105360479852533,0.1128246745915033,601.0,565.02,0.0,0.8971175941432606,0.6241590355739366,0.6277675916693068,0.8763175712891046,0.8307180014926564,0.36551250080600567
602,amPEPpy + iampcn + lstm,0.4231717590461601,0.4436942403959967,0.13936116963643785,602.0,530.38,0.0,0.9451908987694194,0.5522550863282402,0.53658623061598,0.9651249926868264,0.9026162708256287,0.27935507508919966
603,AMPsorter + apex1.1 + lstm,0.42251173035539213,0.4301658691867239,0.09061423921670747,569.0,550.34,0.0,0.8598256606730188,0.7041693963946501,0.8038673858996775,0.7598311149258645,0.6906310963707806,0.6222694677092527
604,ampir + apex1.1 + C_AMPs-predict,0.4208879372069036,0.4046139650425246,0.12735971884906044,603.5,573.66,0.0,0.9114061642861673,0.7619639900967216,0.9732977691083823,0.7038065885435772,0.8637197650393285,0.6025552817024182
605,amPEPpy + apin + iampcn,0.42044136539419935,0.4352788688049838,0.08542353684385207,582.0,545.4,0.0,0.9216378544374452,0.5954083841502964,0.5713251809259648,0.9464226479769723,0.8390105359129949,0.29158115192867823
606,ai4amp + ampir + ascan2,0.4187989082832924,0.39901149950735293,0.20825996105034725,606.0,553.36,0.0,0.836069177113476,0.5961571915696786,0.6031452436674161,0.8804619314237492,0.6635202490489487,0.27326903165147676
607,amPEPpy + ampir + amplify_bal,0.41849749666666664,0.402080771591585,0.08750506978451805,607.0,582.4,0.0,0.8844181859741235,0.6404723861961304,0.6340735356463646,0.8880718622193049,0.8015884137606899,0.5115298908845848
608,apin + ascan2 + macrel,0.41840475653799025,0.40109893215751635,0.23216092063419116,608.0,551.08,0.0,0.851087261281446,0.5838538974629061,0.5959379287350606,0.8771625968630291,0.6868047268658137,0.23320732343510292
609,ampir + iampcn + pepnet_fast,0.41833690745710794,0.42559241667054737,0.06870410615910943,604.0,557.98,0.0,0.9216184480211065,0.6049530249815745,0.5850661755161174,0.9279349740379633,0.8594899636346293,0.39891861090368247
610,ampir + lstm + pepnet_fast,0.4171118038082108,0.41451682657267164,0.017897609475592324,569.0,571.34,0.0,0.9099066956228858,0.6018204361355783,0.5957139680560856,0.9048961882837584,0.8517320249200526,0.3330756633460793
611,apin + ascan2 + C_AMPs-predict,0.41700287071793296,0.39959040685191993,0.1765450306377655,611.0,561.74,0.0,0.9021893521412344,0.5903433767955242,0.6142776565449647,0.8591034060019315,0.843142146930111,0.2583353249569192
612,amPEPpy + apex1.1 + iampcn,0.41602628114174833,0.4239267541280229,0.11095428442759397,591.0,555.3,0.0,0.913716553287249,0.7184309734586923,0.7696091224574149,0.8328053045270402,0.8207514734355099,0.658553219770192
613,amPEPpy + amplify_imb + apex1.1,0.41413840820874187,0.4022721886775736,0.10533755500510622,613.0,579.84,0.0,0.8952297353154238,0.7091661232901578,0.8297378384436729,0.74121875309074,0.8029167341985525,0.6014858354202649
614,apex1.1 + lstm + macrel,0.4137930786407272,0.40118740657071084,0.0714355241533906,614.0,585.34,0.0,0.8642292014788272,0.680199243589259,0.8215461395388161,0.6926274250609815,0.7015394940917464,0.562697479418811
615,ai4amp + apex1.1 + C_AMPs-predict,0.4128811660488153,0.3977980223278594,0.13297370081903598,615.0,580.32,0.0,0.9093084096776077,0.7379079876169058,0.9744372911583424,0.6707348846711626,0.8582670693791535,0.5757458306137769
616,ampir + amplify_bal + pepnet_fast,0.4127878323243464,0.39880439245363564,0.07936193039522055,616.0,586.36,0.0,0.8933776649780221,0.6537530181880734,0.6583291763850477,0.8726250011632546,0.8254898941736986,0.5342422090547111
617,apin + C_AMPs-predict + lstm,0.4124229288357843,0.4055765996888889,0.060735378419117636,612.0,580.66,0.0,0.9131685949710778,0.6032746191261351,0.6299444421698636,0.8580132810839093,0.867583981662497,0.3076075329700025
618,AMPsorter + apex1.1 + macrel,0.4122345864338236,0.4054811124066585,0.09874499166666667,617.0,579.14,0.0,0.9114537943416904,0.6703883160768388,0.9641185319662694,0.5766731729564288,0.7976328260562731,0.5274222570911357
619,amPEPpy + apin + lstm,0.4119767796895425,0.4114987118964869,0.036454040158292456,580.0,577.06,0.0,0.9049765751423986,0.5939098424984427,0.5944367751553167,0.9056197217552974,0.8313051293128261,0.28906908711664125
620,ai4amp + apex1.1 + pepnet_fast,0.41142145987847223,0.3975471348502452,0.10661848000306373,619.0,586.6,0.0,0.8803551430379858,0.7152705519679153,0.853489189624906,0.7266417163908364,0.7807042510696819,0.6172561981143001
621,ampir + C_AMPs-predict + lstm,0.40925938547998375,0.3994491293463235,0.06401189082209968,621.0,588.44,0.0,0.9221354278262813,0.6156028744939622,0.636076710431057,0.8588168652206818,0.8878189875149787,0.3566256743883398
622,ai4amp + AMPsorter + apex1.1,0.40892167509803923,0.4041680482017566,0.08310912739072718,621.0,583.42,0.0,0.877076965269016,0.6930941206686376,0.8911065512137308,0.6551073653234449,0.7269898217501705,0.6333480258499224
623,amPEPpy + AMPsorter + apex1.1,0.40848903929840685,0.4047274994957516,0.10471757784773289,623.0,578.92,0.0,0.8934371976538552,0.6866526007591945,0.8882263810986076,0.6520898939984797,0.7702958509180908,0.6246746995122718
624,amPEPpy + amplify_bal + apex1.1,0.4043338900806781,0.3814169147226308,0.12760919188316994,624.0,597.14,0.0,0.8685949454926171,0.6828757785471122,0.7685896444554751,0.758270937083911,0.7734621602055611,0.5524450484690102
625,apex1.1 + iampcn + lstm,0.4041338220455473,0.424703939659763,0.1412788578763276,625.0,553.2,0.0,0.8790722507089681,0.6109139545924037,0.6129919882682202,0.9086326093165251,0.7600989111963837,0.326614094103224
626,AMPsorter + apin + ascan2,0.4020477214368873,0.39868587900923197,0.1564233457465279,626.0,572.14,0.0,0.8431659249024896,0.594947808476398,0.6071075064112629,0.8763872670055362,0.6482635018371378,0.2506391535794528
627,ampir + apex1.1 + esm-AxP-GDL,0.40171854069444446,0.39550078468946076,0.10374225577103752,627.0,589.86,0.0,0.9169033668093012,0.7054138673363353,0.7935168069036997,0.7853171356367721,0.8607003635318637,0.6505104000473125
628,ampir + apin + macrel,0.4015582901930147,0.3920397064031046,0.15142483539828439,628.0,576.16,0.0,0.8707656641406284,0.6127288006630386,0.6304462263764229,0.8616795360486614,0.7496444368038382,0.29807769085226105
629,apex1.1 + apin + HMD-AMP,0.4012392975602533,0.39896794155935456,0.06703469258476308,617.0,587.06,0.0,0.8463385516803591,0.6512419997637656,0.7014024785410782,0.8038003195938009,0.6503281789712262,0.401464717407052
630,ampir + lstm + macrel,0.3992257759885621,0.3903650758352941,0.08773673171109075,630.0,591.76,0.0,0.8877210775561065,0.5936106279931411,0.6023248472340068,0.8870765261303749,0.7806271716254745,0.2891525489787889
631,ai4amp + iampcn + lstm,0.3988405766666666,0.4185516598310457,0.10922321070874186,612.0,562.96,0.0,0.9012713838352829,0.5767770769307132,0.5642524064937159,0.9438998653221825,0.7918380189358853,0.2590093416155712
632,ampir + ascan2 + lstm,0.39771405174938723,0.3825150244658088,0.16760733819495507,632.0,584.0,0.0,0.8340082929843038,0.5642366054795368,0.5673410744510082,0.9078047905308703,0.6401808852778836,0.23230069672512696
633,AMPsorter + apex1.1 + apin,0.39559463141442,0.3974312721006536,0.049729954885110284,612.0,590.6,0.0,0.8387999619034238,0.6916956099982631,0.8064233228307085,0.7297001934284815,0.633551222295643,0.5821995844558313
634,ai4amp + ampir + pepnet_fast,0.39522885169015526,0.3882592629165849,0.044275249044117615,623.0,602.98,0.0,0.8837729123782548,0.6446790291269983,0.655019990723498,0.8629916539285792,0.8003975322560206,0.4405963140960897
635,amPEPpy + apex1.1 + macrel,0.3934982267647059,0.3800307932746324,0.11190666186070258,635.0,604.9,0.0,0.9007257274679329,0.651181030089773,0.9881666309702292,0.5382732542147145,0.8128232811488932,0.403146554292177
636,apin + ascan2 + iampcn,0.3929929133312908,0.386468716044322,0.17515634548202608,636.0,582.1,0.0,0.8643171021311603,0.5694320895124106,0.5671443642009062,0.9142229081275671,0.6997478406229322,0.205196104205763
637,amPEPpy + apex1.1 + apin,0.38805184193218956,0.3769832504121732,0.08346820184232029,637.0,611.24,0.0,0.8688898493129549,0.7081380574328708,0.8412428011067474,0.727543156741563,0.7421941870217811,0.6152956827603231
638,amPEPpy + ampir + iampcn,0.3874055239930555,0.3934276417207107,0.06626242982536767,631.5,594.64,0.0,0.921743105336445,0.5259891584129353,0.510900288289128,0.964861558287779,0.8488002368292834,0.33926306836667414
639,ampir + apex1.1 + HMD-AMP,0.38523834606311275,0.3814002674882761,0.07525665552389704,639.0,605.5,0.0,0.8422188565183578,0.6502005123355232,0.7027779002925653,0.7956330914268973,0.6470836517782399,0.3986020760378975
640,ascan2 + iampcn + lstm,0.38387769318218956,0.3904311752496732,0.0665599365201186,630.0,594.78,0.0,0.8926679819654607,0.559414252533384,0.542865050537417,0.9538546718933404,0.7667861529867632,0.22490865163147125
641,amPEPpy + ampir + lstm,0.38275591817401966,0.3801022671674019,0.013478026505310547,611.5,613.14,0.0,0.909899836906566,0.5872437916560304,0.5799477563150597,0.9161661801196957,0.8487978340794147,0.30851235897162876
642,ai4amp + amPEPpy + ampir,0.38265681543504904,0.37318092997994284,0.0737128282853351,642.0,614.02,0.0,0.879270912646664,0.6372681994631001,0.6487557564115135,0.8588215427661766,0.7831190211455721,0.4074558725361752
643,ampir + AMPsorter + apex1.1,0.38263018674938726,0.38130664439297385,0.0787947849657884,642.0,606.6,0.0,0.8731553716437476,0.7027595607304477,0.8592448989716795,0.7009461728061616,0.7293675344669864,0.6628523750399953
644,ai4amp + apex1.1 + macrel,0.3811056046629902,0.3679869648042892,0.09605788830575984,643.0,619.96,0.0,0.8575083857226823,0.6548419312382117,0.9170768832718527,0.5827647309318422,0.6932877093414948,0.4994609315154384
645,ampir + apex1.1 + macrel,0.3808057507352941,0.36635811055449335,0.08968845072916665,645.0,620.5,0.0,0.863428057632655,0.6889084553888679,0.9458750806848556,0.6086163432314207,0.732328252999796,0.5203230326806856
646,amPEPpy + ampir + pepnet_fast,0.38018533574754904,0.3702056214241422,0.07344456636284724,646.0,619.66,0.0,0.8845789301724588,0.6345522120462711,0.6360768548419532,0.8793319752292081,0.8053349907911204,0.5151846216150281
647,ai4amp + apin + ascan2,0.3797392726439951,0.3659097118213236,0.19145592425908908,648.0,596.96,0.0,0.8126067619130254,0.5783166256332751,0.6012167859649935,0.8699645656451019,0.5979639812463684,0.23230519147073908
648,ai4amp + apex1.1 + HMD-AMP,0.3795578063980801,0.3746674552566585,0.03388362614532264,627.0,618.06,0.0,0.8387807207207647,0.6563263323364504,0.7557981325697595,0.735319981552407,0.6213738099584003,0.4988646243229905
649,HMD-AMP + iamp-ca2l + pepnet_standard,0.37790608699448525,0.37975861491866825,0.0831471765522876,633.5,603.82,0.0,0.8064419510411135,0.6392925363571386,0.6457848942115171,0.8710758578271444,0.5782048241680888,0.3407659237468157
650,ai4amp + apin + iampcn,0.3767819164522059,0.38730031296331696,0.08374747400071492,649.5,596.92,0.0,0.8832669492456331,0.5946435724263092,0.6035577865539689,0.8935535617553954,0.7516410607687981,0.258889224369514
651,amPEPpy + ampir + apin,0.3763294634620098,0.3665658481803921,0.08922099802542899,651.0,617.82,0.0,0.887140161384294,0.6041798151651571,0.6083430638987514,0.8808876760743476,0.7980689254545287,0.32388843117098776
652,apex1.1 + ascan2 + lstm,0.37329225062397875,0.3593522062387664,0.1428663959497549,652.0,612.58,0.0,0.7775431383496327,0.6055679514850433,0.6337695747765825,0.8415352722928073,0.4843952109528125,0.29678807007122876
653,apin + ascan2 + lstm,0.3717749971272467,0.35769464300077614,0.18683638100643382,653.0,605.84,0.0,0.8008448152182664,0.5593029265622294,0.5715649669861549,0.8918104575460445,0.5542327592171007,0.2152890738048052
654,ampir + apex1.1 + iampcn,0.37161921138888887,0.38200576257422386,0.05895654085426877,636.0,605.96,0.0,0.8870395689671216,0.6754093600522255,0.6988359056097241,0.8446945445204004,0.7537609303742907,0.4773678566607603
655,ai4amp + ampir + iampcn,0.3703126340992647,0.37596184276944444,0.05009568275837423,636.5,613.9,0.0,0.887583932688009,0.5959558947352911,0.5847284734000112,0.9189503166613174,0.7669922463520283,0.28490067848345235
656,ai4amp + amPEPpy + apex1.1,0.37025556446384805,0.3584822204748367,0.10197597943167885,654.0,628.88,0.0,0.864979495380605,0.6759535769561773,0.8689267118538483,0.6532325208298301,0.7391406762069808,0.5673168593428066
657,ai4amp + ampir + lstm,0.36998930989481205,0.3630032255279411,0.09171381406301049,656.0,619.68,0.0,0.8555634488939825,0.5836317908801734,0.5957771184549565,0.8848059298349419,0.7043602682581002,0.27450370948442676
658,ampir + apin + pepnet_fast,0.3682586273468137,0.3615305363224673,0.057331754003267954,650.0,627.68,0.0,0.8877444752889789,0.6121203507688691,0.6192357331431165,0.8737810373431022,0.8072348628747067,0.36013644294728453
659,ai4amp + apin + lstm,0.3682211531638072,0.3653990529339052,0.09547401069648692,659.0,618.74,0.0,0.8328343111781011,0.5839914939261511,0.6080442890353762,0.8705540431443696,0.643361194776761,0.2604553380423239
660,ampir + apex1.1 + pepnet_fast,0.36536746748059645,0.35336398013529413,0.08804347612642971,660.0,635.2,0.0,0.8660293098734906,0.7013055409164632,0.7777063828695856,0.786642863413868,0.7720524365183097,0.6359259758425355
661,ampir + apin + ascan2,0.3639056081270425,0.34519695201670764,0.21955214166870915,661.0,610.34,0.0,0.819841205509081,0.5539159001275867,0.5695683817011116,0.884096241436373,0.6226357062050787,0.21058707756155717
662,apex1.1 + apin + macrel,0.36044024403901137,0.3499586660665032,0.05898207095894603,657.5,638.54,0.0,0.8405293770974481,0.6487245340077382,0.824635479202226,0.6439436109049717,0.6503141298358628,0.5507860636667204
663,amPEPpy + apex1.1 + pepnet_fast,0.3601931133016748,0.3439098389636438,0.13042913457771654,662.5,638.1,0.0,0.8749078384958132,0.6826746940114234,0.7758137919753754,0.7595512037934578,0.7874221350233216,0.573627734199827
664,ampir + ascan2 + iampcn,0.3593276842585784,0.35238621781192814,0.11480296817912578,664.0,625.54,0.0,0.8946947923341737,0.5490148739708464,0.543466512538199,0.9267611669365058,0.7850891591749376,0.21769535642990281
665,C_AMPs-predict + iamp-ca2l + pepnet_standard,0.35813058203737747,0.34758312769093136,0.06962423282373364,664.5,640.32,0.0,0.8640402354573052,0.6913277712890581,0.7588047914232813,0.7966304142462857,0.7680974743215201,0.6071223536410176
666,AMPsorter + C_AMPs-predict + iamp-ca2l,0.3578044659517974,0.3568857253415441,0.07825265376685048,666.0,632.84,0.0,0.8570372814764072,0.7103421352739575,0.8236915866730788,0.760419605552486,0.7551282404218443,0.6834594108289007
667,AMPsorter + iamp-ca2l + pepnet_standard,0.35596761192095594,0.36500597951854574,0.05961473057444855,667.0,624.0,0.0,0.8232339387086346,0.6764163401361835,0.7139190399257433,0.8231376966522292,0.6360377785139083,0.522223434139629
668,ampir + apex1.1 + ascan2,0.35405091411151957,0.3369453539841096,0.160421514948938,668.0,632.1,0.0,0.7908311239726755,0.6145910815737105,0.6512659113555954,0.814354723437237,0.5447846502901805,0.3350978922660702
669,apex1.1 + apin + iampcn,0.35171265011131536,0.36403976012888073,0.07540316089971405,648.0,621.3,0.0,0.8587203465770994,0.6293902184790474,0.6633135594905838,0.8402155378914008,0.6754609616668481,0.33709613761665913
670,amplify_imb + iamp-ca2l + pepnet_standard,0.350993407782884,0.3542078538954657,0.051660116604370865,648.5,636.46,0.0,0.8243787468320051,0.6570395306787401,0.6558101071742478,0.8854433716532807,0.6698557062052144,0.5069236973419641
671,amplify_bal + iamp-ca2l + pepnet_standard,0.34842715207209973,0.3378765267310048,0.05624263197610291,671.0,649.52,0.0,0.8242091520850597,0.6642883527604676,0.6722040224054219,0.8628386049862606,0.6788933192165725,0.5068913677257192
672,ai4amp + apex1.1 + ascan2,0.34665214002144606,0.3337686442037173,0.10561128705678102,672.0,644.86,0.0,0.7815279551986225,0.6244985706669813,0.7068892964253064,0.7453809187741052,0.5050427929166915,0.4037451507795487
673,apin + iampcn + lstm,0.3461089530228758,0.3601759541366421,0.07699710457669529,643.0,623.74,0.0,0.8859179684117962,0.5555747703195675,0.5479758543794896,0.943313126250228,0.757915629840105,0.22610285873985492
674,ai4amp + ampir + apin,0.3448793495189951,0.3360471985429331,0.11687416846915849,674.0,641.62,0.0,0.8411720765979692,0.5902742958089182,0.6163315702618894,0.858004442513983,0.6839537244362631,0.28385108159879496
675,ampir + apin + lstm,0.34251083575571895,0.33579735960759804,0.10540523972477539,675.0,643.78,0.0,0.8357917079375934,0.5627382923641787,0.5747908807028352,0.897473660852414,0.6549083688640301,0.2313460672532378
676,ai4amp + apex1.1 + iampcn,0.33865036464256537,0.3409124945210784,0.018669058593239418,657.5,648.52,0.0,0.8748811458828715,0.6471608489692353,0.7239377256338552,0.7659594367929352,0.7223688130028711,0.4699536737860864
677,ampir + iampcn + lstm,0.33155518851307186,0.3420934451338644,0.06542020816840277,677.0,641.48,0.0,0.9123064873859293,0.5345657587713218,0.5237562901568182,0.9583511551135117,0.8251799083432731,0.22329796054055456
678,amPEPpy + ampir + apex1.1,0.3300288845955882,0.31530471405175653,0.09965357763071891,678.0,665.34,0.0,0.8529447778262477,0.6564735258354727,0.8103410933984415,0.6767064193107891,0.7404686765298516,0.515533584151458
679,ampir + apin + iampcn,0.3263485287959559,0.33010435164950974,0.057232056101409357,670.5,651.64,0.0,0.8937487195332482,0.560950872063369,0.5600215165966388,0.9191724034049704,0.7843273102100657,0.2196132697886035
680,C_AMPs-predict + iamp-ca2l + pepnet_fast,0.32603715868566174,0.31531379598950166,0.09377167452205881,679.0,665.86,0.0,0.8591532402329625,0.6805912905757955,0.7553440652333068,0.7960362592015233,0.7920684394992243,0.6193374684821129
681,iamp-ca2l + pepnet_fast + pepnet_standard,0.3253269228941993,0.3195435593598448,0.04186941722630716,671.5,666.4,0.0,0.8148788329510642,0.6624996772994195,0.6765694068283828,0.8576544937224296,0.6620066890790661,0.5181968468686549
682,ai4amp + apex1.1 + lstm,0.3245050322487745,0.3175358236193627,0.04551342586907675,679.0,664.82,0.0,0.8110694764443771,0.6232951859934425,0.7111313561902294,0.7490405570751807,0.5787810932868233,0.43212786035102835
683,amplify_bal + C_AMPs-predict + iamp-ca2l,0.32249381472528593,0.3074934909925245,0.10715108088235292,683.0,669.92,0.0,0.8623337971263756,0.6711376366111687,0.7374407003216019,0.7986721657403554,0.7960350193306376,0.5895776733264355
684,esm-AxP-GDL + iamp-ca2l + pepnet_standard,0.3211633579146242,0.3284887241374592,0.062465825555555576,685.0,656.26,0.0,0.8370959801215457,0.5964051108724341,0.6116950022491956,0.8736794904562993,0.7193033051041677,0.37101250567452726
685,ascan2 + iamp-ca2l + pepnet_standard,0.3209053861376634,0.30642073010510623,0.14364602776041674,684.0,660.6,0.0,0.7658849239901553,0.5831139025744414,0.592816937109403,0.8728191625851763,0.5087219824131803,0.28037616603459825
686,amplify_imb + esm-AxP-GDL + iamp-ca2l,0.3193821462152778,0.33175365524084965,0.11815102246170339,686.0,643.72,0.0,0.8180115870194072,0.5513639782742157,0.5653356897961572,0.9048784173621486,0.7059952325414325,0.37138161136791925
687,amplify_imb + C_AMPs-predict + iamp-ca2l,0.3183575366707516,0.3124824573822304,0.10372690862949346,687.0,667.8,0.0,0.8728482770547612,0.6631508972129428,0.7222226189631152,0.8192599450684178,0.8192225839603278,0.6251289474724876
688,C_AMPs-predict + iamp-ca2l + macrel,0.3163286000663807,0.3066889335501634,0.05252276214716095,688.0,675.5,0.0,0.848844874261821,0.6657121748124294,0.7806149569057848,0.7242428353081968,0.75608556588616,0.5675252176428871
689,C_AMPs-predict + HMD-AMP + iamp-ca2l,0.31572888899816176,0.31334691713419116,0.05797791713950168,684.0,666.18,0.0,0.8203708503533708,0.6253112089825351,0.6785629249885563,0.80416955568584,0.6403916167015393,0.36461125266529437
690,amplify_bal + HMD-AMP + iamp-ca2l,0.3123102205780228,0.31062245132107846,0.0440435794434233,678.0,669.36,0.0,0.8087745217596499,0.61175991295453,0.6219636736019205,0.8679890197432961,0.6059139959703367,0.3433335148739591
691,AMPsorter + HMD-AMP + iamp-ca2l,0.31045565701593136,0.32681136810408495,0.09786898979881531,677.0,650.26,0.0,0.7774295907976895,0.6119397122079049,0.6484039607376236,0.8219415348654242,0.49365404214751724,0.3241183501509525
692,amplify_imb + AMPsorter + iamp-ca2l,0.30958768655024504,0.323736006580433,0.10740877754084971,692.0,651.92,0.0,0.8086598619178155,0.6293977453770291,0.6610368166754202,0.8428169486143059,0.6312380651536038,0.5177228119704023
693,AMPsorter + iamp-ca2l + pepnet_fast,0.3037884670976307,0.30824934982116015,0.055401121940359455,690.0,671.6,0.0,0.8090830441055418,0.6544464625960038,0.7004333829284755,0.8146906857617866,0.6351576832644873,0.5357762497827464
694,ascan2 + HMD-AMP + iamp-ca2l,0.3027311957393791,0.29110254895179744,0.1812245631367443,694.0,665.9,0.0,0.7386577810779574,0.5679725061077275,0.5850116951687839,0.8712927028919625,0.42332911545856056,0.22480871023211044
695,amplify_imb + HMD-AMP + iamp-ca2l,0.30075093427696076,0.312304928360866,0.06015223991932195,695.0,667.1,0.0,0.7995088687702413,0.5934872691878517,0.5953155087966916,0.8875324641784346,0.5694152443107064,0.33424360325490526
696,amplify_bal + AMPsorter + iamp-ca2l,0.300001946870915,0.3008696838198938,0.040509129358660134,689.0,679.0,0.0,0.8123300170955933,0.6532110249203305,0.6905124684456849,0.8221343804571514,0.6301264959734738,0.5265521871708463
697,esm-AxP-GDL + HMD-AMP + iamp-ca2l,0.29810751580882355,0.31428137514473037,0.08291050405381944,697.0,663.4,0.0,0.7944491060730806,0.5741094114145566,0.5923284387174745,0.8810640665746595,0.5789380795105482,0.27877697243138233
698,HMD-AMP + iamp-ca2l + pepnet_fast,0.2928894776245915,0.2961867480474673,0.030386371522161004,685.0,681.42,0.0,0.7971768084885641,0.6079162260191581,0.621465262657252,0.8643179458390152,0.5797055654088379,0.3421326070157665
699,amplify_bal + amplify_imb + iamp-ca2l,0.29209846641952614,0.2859447912993464,0.06041879097324343,699.0,691.48,0.0,0.7891007372848672,0.62064874325436,0.6229457889541,0.8822246518911344,0.6275092390891621,0.5058225670342371
700,amplify_imb + iamp-ca2l + pepnet_fast,0.2910310928656046,0.28866877216401143,0.07142352640063315,700.0,687.82,0.0,0.7992535280478809,0.620328133201444,0.6278295239409465,0.8794663601590278,0.6498921215960861,0.5129440456233069
701,ai4amp + ampir + apex1.1,0.29021199583843954,0.2833731125714461,0.04132969079861104,700.0,691.62,0.0,0.8126587704351024,0.6175139460903222,0.7334407123542941,0.70189463821559,0.6214017568766844,0.4539991392608391
702,ai4amp + apex1.1 + apin,0.2899779969332108,0.28243485832165033,0.048866894789113546,702.0,692.32,0.0,0.7994223123895442,0.6079483907931239,0.7104000181559572,0.7216545049762404,0.5659467501573676,0.41581936604274156
703,amplify_bal + ascan2 + iamp-ca2l,0.28906693691278595,0.273772719754616,0.13751431927134394,703.0,688.2,0.0,0.7624613642751358,0.5644187910055454,0.5740012820850054,0.873639001264683,0.5284565581965355,0.28037266000696087
704,iamp-ca2l + macrel + pepnet_standard,0.2865578327573529,0.2774315189379902,0.06595405975490196,704.0,693.32,0.0,0.7972327640699657,0.632083228017069,0.6880359750125592,0.7843176038963002,0.5950027434553843,0.4455404166730267
705,ampir + apex1.1 + lstm,0.2860671851930147,0.27703688740976307,0.07053719937142566,705.5,693.38,0.0,0.8065010784166261,0.5940870120366524,0.6410619221178565,0.8131952317603318,0.581196188121726,0.3401953910404942
706,amplify_bal + iamp-ca2l + pepnet_fast,0.2858757956597222,0.27270743418835786,0.08585589125306373,706.0,699.58,0.0,0.792310106974926,0.6336234793461523,0.6478232558598774,0.8580350716359167,0.6378856185554977,0.5215394181622893
707,esm-AxP-GDL + iamp-ca2l + pepnet_fast,0.28377679463031047,0.28771374088713236,0.07684654039266747,705.0,688.34,0.0,0.822661757122353,0.5688521017802225,0.5911541518086367,0.8708423354802863,0.7265208368891402,0.37830077778783416
708,C_AMPs-predict + esm-AxP-GDL + iamp-ca2l,0.28368041988868464,0.28417425923386436,0.06629459609885624,708.0,691.96,0.0,0.8685682113455039,0.5782332578795034,0.6375654897859602,0.8102384300183574,0.8254730124994254,0.41244220357131056
709,apex1.1 + apin + lstm,0.28322190260620916,0.2773491594451797,0.05844767963643793,709.0,693.72,0.0,0.7896470475511755,0.5803116619895868,0.6329985721699262,0.8157419201064554,0.5287292778783875,0.2941715206318126
710,ampir + apex1.1 + apin,0.28243338428615195,0.27471016205976306,0.06524873742289619,710.0,696.42,0.0,0.801370470857271,0.6056968193361348,0.6779953354003876,0.7691477279818288,0.5792945866529444,0.3749283431831567
711,amplify_bal + esm-AxP-GDL + iamp-ca2l,0.2818845554003268,0.2824726885223039,0.06943409493668301,711.0,693.6,0.0,0.8285170448403717,0.5692275605699293,0.5882111952886385,0.8722651677744816,0.7322954625922924,0.37435521743956585
712,apex1.1 + apin + ascan2,0.2807501542871732,0.26780062337990196,0.13068184314338238,712.0,693.36,0.0,0.7683561391435004,0.5614707209187398,0.6120167155145083,0.8169314176173071,0.47749251415150445,0.24645554753344864
713,AMPsorter + esm-AxP-GDL + iamp-ca2l,0.2759811591421569,0.29404273003169934,0.10810409224468948,713.0,676.82,0.0,0.8131757805737271,0.5624230620175475,0.6060859390627088,0.8328482969701784,0.6766132734081917,0.35823657222877076
714,iamp-ca2l + lstm + pepnet_standard,0.2698981230177696,0.2685142958700572,0.025902349161049776,703.5,701.06,0.0,0.7830130105653627,0.5734548917661475,0.5915911664592121,0.8742386331640718,0.552203831670364,0.2849037873451812
715,apex1.1 + C_AMPs-predict + iamp-ca2l,0.26729702227124186,0.2587326632754085,0.08684258625714875,715.0,708.56,0.0,0.6654934645863574,0.5246320351508494,0.9434287668555794,0.39891685533031346,0.48585646674713684,0.4272320806618693
716,HMD-AMP + iamp-ca2l + lstm,0.26354314620608665,0.2672269143990196,0.060386435374795766,716.0,700.44,0.0,0.7501441963298734,0.5666903031269767,0.5868920323697676,0.8800727501161271,0.44791770760161165,0.23346010151154378
717,ai4amp + C_AMPs-predict + iamp-ca2l,0.2593056735661765,0.25066833683088235,0.05665758024918305,717.0,715.14,0.0,0.8165587880248455,0.603009065564556,0.6841901450170315,0.7567501894211147,0.6728916772128274,0.40873625393870766
718,ai4amp + iamp-ca2l + pepnet_standard,0.25494892173815353,0.24999915868190356,0.04515583113613156,720.0,715.76,0.0,0.7829493857746902,0.5967021173439417,0.6407445529790134,0.8104302757522722,0.5564394613530026,0.361844066910426
719,apin + iamp-ca2l + pepnet_standard,0.25494287465277776,0.25029836901286767,0.07732564252195664,719.0,712.18,0.0,0.7806307381514562,0.574595754876463,0.6072913450341758,0.8464850965277592,0.5470197379650499,0.27553825055554754
720,amplify_imb + iamp-ca2l + lstm,0.2512028887520425,0.2562973648223448,0.050083339827920764,720.0,707.94,0.0,0.7715025275312793,0.5428255600703271,0.5553798771299577,0.9007680826918482,0.5498063392893212,0.29207561690240336
721,amplify_imb + ascan2 + iamp-ca2l,0.25041849776960784,0.24673549836674838,0.05455138530535131,721.0,716.28,0.0,0.7558090294222813,0.5565399119282848,0.5569544539149646,0.8958787866458527,0.5095355441077578,0.27786907181501014
722,AMPsorter + iamp-ca2l + macrel,0.24958544113357845,0.2519210141346406,0.02229197630055149,722.0,712.36,0.0,0.7925870542355115,0.6098212811691966,0.7027348367373104,0.7346014545839116,0.5883386830127243,0.44099690022086996
723,ascan2 + iamp-ca2l + pepnet_fast,0.24926001223039218,0.23902010629346407,0.09399955978247551,724.0,717.9,0.0,0.7485060981666677,0.5589168011396694,0.573949561916146,0.8669369399200156,0.49921020324975657,0.2795138584216033
724,HMD-AMP + iamp-ca2l + macrel,0.24911932208333334,0.24524526198280228,0.09513277352992244,723.0,712.62,0.0,0.7608526879994274,0.5789757464068517,0.6414015529856193,0.7863723419995612,0.47128235797423373,0.2763774834178182
725,ascan2 + C_AMPs-predict + iamp-ca2l,0.24717553985498364,0.23484915829174835,0.11061145945210371,725.0,718.58,0.0,0.7672741387282018,0.559189884143279,0.6092611406339818,0.8094523816274034,0.5415734354424291,0.2908101346463098
726,amplify_bal + iamp-ca2l + macrel,0.2426411141697304,0.23214552483357845,0.05972086138531457,726.0,726.98,0.0,0.7939668354141235,0.6068751162762058,0.6580051497593411,0.7868934049854813,0.6325682018533413,0.4443550060786354
727,esm-AxP-GDL + iamp-ca2l + lstm,0.24233928898794932,0.25025090986597226,0.05991360268178103,728.0,711.32,0.0,0.7722540969311854,0.5155986604958448,0.5439337447516451,0.8947824678034603,0.5638844919023194,0.25461782244279324
728,amplify_bal + iamp-ca2l + lstm,0.24171111000816992,0.23620156975482026,0.030169744097222173,727.0,723.28,0.0,0.7762230003073047,0.5551882044866817,0.5738823631210958,0.8764745460800633,0.5647641041674903,0.2897243214309535
729,iamp-ca2l + macrel + pepnet_fast,0.23810535983251635,0.23071554401670752,0.038815954717626666,729.0,727.74,0.0,0.7922051746350478,0.6113753402418927,0.6710188152391515,0.7793269961392936,0.6272271321483375,0.4530177959929186
730,C_AMPs-predict + iamp-ca2l + lstm,0.23661503765216502,0.2310866883148693,0.041466451118259834,730.0,728.02,0.0,0.7823093547076946,0.5696719721409164,0.6188141314054036,0.8240376336092465,0.5778098472220488,0.2996845148537833
731,apin + HMD-AMP + iamp-ca2l,0.23474669609681373,0.23269531952434636,0.11017784414675247,731.0,720.8,0.0,0.7436213116651542,0.5553962065409438,0.5943399940898307,0.8468139718370497,0.43633210762252267,0.21900929088304108
732,apin + C_AMPs-predict + iamp-ca2l,0.23216370578227125,0.22480875646482848,0.07175645480341092,735.0,730.9,0.0,0.7985966509281245,0.5678864704881209,0.6335107554262732,0.7936481904341021,0.6201266833804318,0.28833771469874003
733,ai4amp + AMPsorter + iamp-ca2l,0.2317804813521242,0.23559959926993465,0.023434136271446054,729.5,723.22,0.0,0.7719250665539062,0.5803266177232378,0.6487938473774769,0.768668200214818,0.5219895487148453,0.34813575171739564
734,ascan2 + iamp-ca2l + macrel,0.22922982391237745,0.21395492208729575,0.1521167071706495,736.0,725.58,0.0,0.7162563688238187,0.5405247396295788,0.5914274140374882,0.7972411181642206,0.41576361327773415,0.23775181086978892
735,ai4amp + HMD-AMP + iamp-ca2l,0.22887185774407678,0.22683488544714053,0.08266421054432188,735.0,728.88,0.0,0.74358405416702,0.5667681242145539,0.6188339380534487,0.8114936973970007,0.43221981438328916,0.26514919623541205
736,iamp-ca2l + lstm + pepnet_fast,0.22615491546874997,0.22387725090171567,0.016858660714869356,736.0,731.68,0.0,0.7656149268689846,0.5475053072942605,0.5726941442885388,0.8697169630494826,0.5400201325974718,0.2911669699979264
737,apin + ascan2 + iamp-ca2l,0.2257923277859477,0.2129363399827206,0.1489084460089869,737.0,727.96,0.0,0.6813591957913708,0.5222855758301366,0.5595183342085905,0.8579415986370192,0.32526420050126087,0.1898348236444141
738,ascan2 + iamp-ca2l + lstm,0.22458078984987745,0.2161300794288807,0.09008440770424839,738.0,734.68,0.0,0.6851428109876304,0.5273797217833457,0.5512897632010708,0.8842928123280593,0.3283932223649252,0.20162055463342216
739,ai4amp + amplify_bal + iamp-ca2l,0.22263947184946897,0.21400003716000818,0.05299415705524915,739.0,740.4,0.0,0.7801789767751367,0.5696991872645051,0.6121052169710933,0.8141332008269243,0.5839870032292541,0.36748095423713434
740,iamp-ca2l + iampcn + pepnet_standard,0.2222989756301062,0.22676867839334153,0.03080977264297388,740.0,730.04,0.0,0.781199219961774,0.4906464091035865,0.5064017204467091,0.91710665243781,0.5915017385046943,0.21418017788867305
741,amplify_bal + apin + iamp-ca2l,0.21927864799530228,0.21232091038402778,0.06334771021292895,741.0,739.48,0.0,0.7785499800547392,0.5543686487759348,0.5850813686525699,0.8491992083954006,0.5692529699152122,0.27497598524044636
742,AMPsorter + iamp-ca2l + lstm,0.2164878871384804,0.22811518117230395,0.06920028217779817,742.0,726.62,0.0,0.7464791496449568,0.5508430505363898,0.587744379478892,0.8403104205022504,0.46638992441942106,0.26416247567488443
743,amPEPpy + iamp-ca2l + pepnet_standard,0.21545281780330883,0.21023733778308823,0.04268927617851312,743.0,740.36,0.0,0.7765451661126489,0.5732621476262514,0.5987707527801975,0.8405191916791631,0.5938195607185642,0.43407611456837963
744,AMPsorter + ascan2 + iamp-ca2l,0.215104166279616,0.21580651146029414,0.06478270137816586,744.0,736.52,0.0,0.7355119634157377,0.5582575168376919,0.5898925884041288,0.8316184040494674,0.433291497534936,0.25681303562876007
745,ascan2 + esm-AxP-GDL + iamp-ca2l,0.21445936722017978,0.21469880289456703,0.028274785124591528,745.0,739.04,0.0,0.7551628463749837,0.5211529536313766,0.5475490981807836,0.8745661926431674,0.5274737733819416,0.2396237927833775
746,esm-AxP-GDL + iamp-ca2l + iampcn,0.21399499750204246,0.22564554377291668,0.08369351284415849,746.0,726.76,0.0,0.7498935696034573,0.42212486726612936,0.4624164922705618,0.9468023674266813,0.5779329225544966,0.1885330459144305
747,ai4amp + iamp-ca2l + pepnet_fast,0.2121742503390523,0.20616805209501637,0.03362255430555555,747.0,745.44,0.0,0.770519959412299,0.5705752883575678,0.6163525617649105,0.8104228597794642,0.5663457715268537,0.36839374948800496
748,ai4amp + ascan2 + iamp-ca2l,0.21155928108966504,0.20048499853819443,0.1284276471354167,748.0,739.72,0.0,0.6923389247191664,0.5252272770290475,0.5740957801018535,0.8211588958020473,0.3552633419735518,0.22682907846820408
749,amplify_imb + iamp-ca2l + iampcn,0.21066132458129083,0.21596983323672386,0.04154057587622545,749.0,736.36,0.0,0.7424803104233968,0.43666557812251794,0.46322181883318253,0.9418320338428062,0.5584715603840689,0.2098697708260268
750,AMPsorter + apex1.1 + iamp-ca2l,0.2106172947947304,0.20806978848978758,0.07749249202256941,749.0,740.86,0.0,0.6171201970824973,0.44528001237883735,0.7649043844514162,0.4120708591873407,0.3672786035361707,0.393024996594524
751,AMPsorter + apin + iamp-ca2l,0.20691030882659311,0.21198899054611925,0.05128721803717323,751.0,739.0,0.0,0.7491294676761514,0.5571423684560269,0.6085866221762956,0.8086131142533771,0.45390305705192985,0.25286037474802353
752,apin + esm-AxP-GDL + iamp-ca2l,0.2051171986723856,0.21067530913349672,0.029811642486723827,752.0,741.3,0.0,0.768106490321221,0.5145178954494097,0.5572710035832175,0.86037289502337,0.545299700014001,0.23580234281771184
753,apin + iamp-ca2l + lstm,0.20316987606515524,0.1984720542244689,0.05736967498161766,753.0,748.9,0.0,0.6967708366984758,0.5230813224581445,0.5582972912477945,0.873328918376759,0.35930545573781436,0.20094616936616375
754,ai4amp + esm-AxP-GDL + iamp-ca2l,0.20235819589665033,0.20591497128872555,0.0211372865645425,754.0,744.98,0.0,0.7642962079583132,0.5278366571859688,0.5807892521007275,0.8275891545293234,0.5645244063130743,0.2880632466145361
755,amplify_imb + iamp-ca2l + macrel,0.2006352010712827,0.19874954399232025,0.019817988244995893,755.0,750.68,0.0,0.7908664744715991,0.560496441806183,0.6115843639338842,0.7946217951256717,0.6275959688341654,0.39508856562209627
756,amPEPpy + amplify_bal + iamp-ca2l,0.20033664016441993,0.1917582174529412,0.06551112522314134,756.0,752.88,0.0,0.7383107602237001,0.561279691851909,0.5885215984295143,0.8435314213252934,0.5593485739481968,0.4654114282029419
757,apin + iamp-ca2l + pepnet_fast,0.1996055985610703,0.19542592480804735,0.03966150874846813,757.0,752.22,0.0,0.7695342841791958,0.5460776881952584,0.5836581107446253,0.8408681535980707,0.5446626645570727,0.2760814240553663
758,amplify_bal + iamp-ca2l + iampcn,0.19941439400735295,0.19934617011707517,0.005117604482740984,754.0,750.5,0.0,0.7593426057418063,0.4621484794567973,0.4859283253218682,0.9149068454983782,0.5882241279432134,0.21443929676811357
759,amplify_imb + apin + iamp-ca2l,0.19741562174223853,0.19902911308296573,0.012059627113459953,753.0,750.62,0.0,0.7709853102553733,0.5361248572783143,0.5620961492691438,0.8677654166207677,0.5370141194955196,0.27269658715865813
760,HMD-AMP + iamp-ca2l + iampcn,0.1956851609058415,0.20656633105232847,0.06561049475949754,756.0,741.68,0.0,0.7451866254371012,0.47764228766380273,0.49915170507693923,0.9194850241715266,0.4759921527024583,0.17514589916730092
761,ai4amp + amplify_imb + iamp-ca2l,0.1949863691584967,0.1948137192807598,0.02572081408496732,761.0,752.7,0.0,0.7769822060181673,0.5441376189664578,0.5835209495133893,0.8322237133521634,0.5703789885132625,0.35899205938872647
762,amPEPpy + C_AMPs-predict + iamp-ca2l,0.19372148136335787,0.18399865458218956,0.08431247686172388,762.0,757.18,0.0,0.8306479841433466,0.5586539215980978,0.6306316158474624,0.7764800503478185,0.7578119279004674,0.49967431326345274
763,amPEPpy + iamp-ca2l + pepnet_fast,0.19197713861417484,0.18411646302418302,0.06675795875816992,763.5,757.28,0.0,0.7469376157115075,0.5549276810742709,0.5867726153594403,0.8390054964045156,0.5780786256921405,0.46285357858470005
764,apex1.1 + iamp-ca2l + macrel,0.19195271628880717,0.18901008233014707,0.029516799063521254,763.0,757.2,0.0,0.6202021554762037,0.4099843975071598,0.733437726705016,0.375704934024173,0.36883297909837953,0.3384268916319673
765,iamp-ca2l + iampcn + pepnet_fast,0.19007448025326798,0.19209171436000816,0.01774847306117236,765.0,753.98,0.0,0.7586213106391928,0.45326994048164515,0.4835767299921532,0.9115894110584994,0.5867807217158068,0.21365589791284526
766,ascan2 + iamp-ca2l + iampcn,0.1889144208731618,0.1858585337443219,0.04678498229575165,766.0,759.02,0.0,0.7091596529157941,0.4436416164823837,0.47114661542808073,0.9216991119084003,0.4204377593935428,0.16011410344440194
767,iamp-ca2l + iampcn + lstm,0.1877788722977941,0.19184939924681368,0.03804071786662583,767.0,754.1,0.0,0.7231800775603275,0.42855645874943954,0.46477529612118157,0.936936779048232,0.4726482596285519,0.1723495701851271
768,amPEPpy + amplify_imb + iamp-ca2l,0.18705505596303101,0.18246558784787584,0.05321387446844361,768.0,758.9,0.0,0.7342080483974227,0.536648370783969,0.5717378865232164,0.8430398000399798,0.5642732343313919,0.4477521130577966
769,ai4amp + iamp-ca2l + lstm,0.1844716316237745,0.18057285090004083,0.05824752729881538,769.0,761.04,0.0,0.7045919753863954,0.527518746525418,0.5769358617816372,0.833145334094264,0.38560657653757235,0.23814672528240258
770,apex1.1 + iamp-ca2l + pepnet_standard,0.18418677461090688,0.17844866921458333,0.05385691593443631,769.0,762.7,0.0,0.6403950360797267,0.42827768975571745,0.6985663522145606,0.44137845188104924,0.40897129503862484,0.3871848344393608
771,ai4amp + iamp-ca2l + macrel,0.1808114427665441,0.17457746229616014,0.06251550729575164,771.0,764.64,0.0,0.7313381193716614,0.5315568809020874,0.6262731208906612,0.725590623440202,0.4604567398627133,0.2759145762247268
772,amPEPpy + esm-AxP-GDL + iamp-ca2l,0.18074369194648693,0.1816611235471405,0.06604753259752855,772.0,757.1,0.0,0.7573715239412614,0.4829326547880837,0.5242949848821956,0.8641080940076993,0.6034126455383048,0.31828012196925776
773,esm-AxP-GDL + iamp-ca2l + macrel,0.18012529713950165,0.18328795668700976,0.01624871351817811,771.5,761.76,0.0,0.7663251523721285,0.5383916620383032,0.602895497076947,0.7972741913830292,0.5627025291095624,0.2970811303911589
774,amPEPpy + HMD-AMP + iamp-ca2l,0.179145101338848,0.18123416068884804,0.011704492156862756,769.0,763.26,0.0,0.7603359026064899,0.5192979611344052,0.5505781800700434,0.8510641336646859,0.5161440693721795,0.294479712978069
775,amPEPpy + AMPsorter + iamp-ca2l,0.1764820091186683,0.17621020450004085,0.053090054571588996,775.0,763.24,0.0,0.7661024035690414,0.5186714954702826,0.5873248921546218,0.7810813354031688,0.5753618816042931,0.42750242411750067
776,apin + iamp-ca2l + macrel,0.17607896241319443,0.16978042720200165,0.09630700863204655,776.0,765.74,0.0,0.7197245354699336,0.5227270455848804,0.6002855992817238,0.7694332818904325,0.42287391565263355,0.22059443031196535
777,iamp-ca2l + lstm + macrel,0.1755827977318219,0.17137762377397878,0.06660416161356209,777.0,766.94,0.0,0.7267263832395133,0.5384110157617008,0.5940656393932068,0.806258848759675,0.4413181305384005,0.2483397420357853
778,ampir + ascan2 + iamp-ca2l,0.17025441679432188,0.15966293809379084,0.11009444359579246,778.0,768.5,0.0,0.6842744186037651,0.46900118545798347,0.5145488687294171,0.8616700395636379,0.3558714045512667,0.16749544599147304
779,ampir + iamp-ca2l + pepnet_standard,0.17001451128063727,0.16466627641952614,0.06325592929381127,779.0,771.0,0.0,0.7634540295222919,0.5055715755602904,0.5418163745844594,0.8534110899525039,0.542121536724427,0.22504314009852414
780,ai4amp + apin + iamp-ca2l,0.16938516547079246,0.16258610599456702,0.08936573331495097,780.0,770.42,0.0,0.7089193576304423,0.5129679112541098,0.5868990890346107,0.7899937000301039,0.39500502316593,0.2208067924979481
781,amPEPpy + iamp-ca2l + lstm,0.1633898380565768,0.16303830329158497,0.01993039802900326,779.0,772.62,0.0,0.7357695406826082,0.48005904643543373,0.5164227851158407,0.8697519753864729,0.5098257323182361,0.2633517417087473
782,apex1.1 + iamp-ca2l + pepnet_fast,0.16272081145424835,0.15718344243374183,0.07516831328635619,782.0,772.26,0.0,0.6335102563520474,0.4005956518977303,0.6738872671114627,0.43513583169377573,0.4229300392147698,0.38650221463732054
783,amPEPpy + ascan2 + iamp-ca2l,0.16153821527267156,0.15677990357165034,0.05021560445465685,783.0,775.52,0.0,0.72228424582691,0.4932100237405385,0.5217575681716154,0.8598052080761098,0.4704025684259147,0.2500356220901783
784,ampir + HMD-AMP + iamp-ca2l,0.16014564891033498,0.1580824800392974,0.07369290123110706,784.0,773.56,0.0,0.7286403675650833,0.49091784249326925,0.535382139476459,0.8544585860120469,0.4251357935965984,0.18536259156719034
785,AMPsorter + iamp-ca2l + iampcn,0.15981049112132353,0.1763558221629494,0.08890206959150324,778.0,758.6,0.0,0.729846216951552,0.44318492392254144,0.4933682593976055,0.8742379622638078,0.48811438955664166,0.19288059059838542
786,amplify_bal + apex1.1 + iamp-ca2l,0.15811121151960783,0.1513208847773693,0.06884988685917076,786.0,777.78,0.0,0.6476162946249259,0.40086586001375757,0.6620144086666669,0.4420479800455505,0.45979533699942926,0.36854080986375104
787,apin + iamp-ca2l + iampcn,0.15388375554534317,0.15647920939665033,0.019893524111519623,783.0,777.32,0.0,0.709354649391503,0.4289637284645334,0.47620066091581137,0.9018616039522808,0.4211555635337085,0.15513914012349123
788,ampir + C_AMPs-predict + iamp-ca2l,0.14666575694955064,0.13921940284865195,0.06471810126889296,788.0,784.4,0.0,0.8110816190832745,0.4799426269652119,0.5527333955185898,0.7908849859807093,0.6937144413407798,0.23328337281292427
789,amplify_imb + apex1.1 + iamp-ca2l,0.14469286257250819,0.140677160817116,0.08011557689542484,791.0,780.16,0.0,0.6504075974570861,0.3852379679307021,0.6354888758957022,0.46515636773442964,0.4500083317329377,0.3215761833314246
790,ampir + amplify_bal + iamp-ca2l,0.14463663736621732,0.13891826114538397,0.04876898758272058,790.0,785.46,0.0,0.7458082621803331,0.4734620211627671,0.5171849916562662,0.8508116183477804,0.5474450031180923,0.22628146837713198
791,ampir + iamp-ca2l + lstm,0.14457155275224673,0.13965853088480393,0.0399321531837214,789.0,785.6,0.0,0.6868588813492537,0.45853954612280284,0.5071884139762405,0.8713462854596941,0.36781982206292835,0.17864376825331876
792,apex1.1 + HMD-AMP + iamp-ca2l,0.14399470371221407,0.14297063299697713,0.01703215125612742,782.0,783.96,0.0,0.6261820995219852,0.3800179929843377,0.6406450870652932,0.4457476371866598,0.351833436564415,0.20923942785516356
793,C_AMPs-predict + iamp-ca2l + iampcn,0.13971414296160128,0.13985656025457516,0.004959726568627448,791.0,785.14,0.0,0.8195261130171337,0.4522685488631441,0.5129359027702545,0.8494516299305488,0.7207983165244016,0.22003185656061947
794,ai4amp + apex1.1 + iamp-ca2l,0.1379117084160539,0.13342662630890523,0.027922498800040843,792.5,789.46,0.0,0.5747811448414964,0.35159350587085286,0.6322437319628472,0.39781548237260056,0.2746363385484746,0.22898638764199963
795,ampir + iamp-ca2l + pepnet_fast,0.1311079442769608,0.1268019656566585,0.03573759126736112,795.0,792.12,0.0,0.7396609443519334,0.4749284533410998,0.5178527749423182,0.8519808416855006,0.5314899201674999,0.22724149375265806
796,ai4amp + amPEPpy + iamp-ca2l,0.13076114943014705,0.12874973236213236,0.016386032897263092,795.0,791.68,0.0,0.7256828712625554,0.46784739100205713,0.5376127095476094,0.789936097831975,0.49862093054766565,0.30418609045374356
797,ampir + esm-AxP-GDL + iamp-ca2l,0.13057544429023693,0.13048060753316992,0.001088653313419119,794.5,790.56,0.0,0.7393483922076065,0.4413267666939591,0.495827758577393,0.8635145968780341,0.5318621782908469,0.19591516673595907
798,ampir + apin + iamp-ca2l,0.1301221149050245,0.12397442671164216,0.074488667953942,798.0,790.58,0.0,0.6909557883498231,0.4451504857221121,0.5152342264594294,0.8317571851795101,0.37769261898398354,0.1601823999842176
799,ampir + amplify_imb + iamp-ca2l,0.12977886268995098,0.130131779329616,0.009350262491319483,788.5,790.46,0.0,0.7499812578697842,0.44935483749530264,0.4938339203409414,0.8660834047337135,0.5559690506973977,0.21746306751110256
800,ampir + AMPsorter + iamp-ca2l,0.12189282330473855,0.12296983818733659,0.03468321962367238,796.0,792.92,0.0,0.751225364426856,0.4699632850777924,0.5356308763707889,0.8007213202220665,0.5066061245874088,0.20307579511046306
801,amPEPpy + iamp-ca2l + iampcn,0.12148010925653593,0.12502369019305554,0.022583873431883172,801.0,791.46,0.0,0.6946679325090815,0.4062878644017933,0.4575033965030326,0.897157208018975,0.5027118057979877,0.17386370602831744
802,amPEPpy + apin + iamp-ca2l,0.12143841605085785,0.12123487350759805,0.018363162898284296,794.0,794.82,0.0,0.7299308077689751,0.4648346543987762,0.5243832324527221,0.8221483669241554,0.4878718395584744,0.2378556292052606
803,amPEPpy + iamp-ca2l + macrel,0.12014570017156861,0.11768615545747549,0.015129028116830048,799.0,797.84,0.0,0.7307961339165167,0.4252251444990207,0.52489397169084,0.7267266797773564,0.5445170610592897,0.2855810817149744
804,ai4amp + iamp-ca2l + iampcn,0.11553518073529412,0.11810228951797384,0.022318792474979574,796.0,795.08,0.0,0.7062775051475755,0.4157110245447289,0.4802271104226226,0.8623043548424679,0.46303479496211875,0.1702354494295369
805,ai4amp + ampir + iamp-ca2l,0.112856695844567,0.10811397697499998,0.0631534111279616,805.0,799.0,0.0,0.6960206600559529,0.439764276309305,0.5204259318448857,0.7964602522974547,0.4053680267491973,0.17715791069884848
806,apex1.1 + esm-AxP-GDL + iamp-ca2l,0.10871913685866012,0.10879277240473856,0.03278010113153594,806.0,798.62,0.0,0.6410296935931973,0.313262027507335,0.5619638770308385,0.44995233794674655,0.4941651020881877,0.2432959045303236
807,ampir + iamp-ca2l + iampcn,0.10827796844362744,0.10899727583047385,0.011913547179330075,803.5,800.78,0.0,0.6824135935350882,0.36588022623092087,0.43514882427417295,0.8977095926690367,0.46390593178124634,0.12895952639524458
808,ampir + iamp-ca2l + macrel,0.1060092445435049,0.10319643772912582,0.06137043456801469,808.0,801.24,0.0,0.7043053625169451,0.4168108052049444,0.5127355757031147,0.7561650605097933,0.4532275203580751,0.1561654266964467
809,apex1.1 + apin + iamp-ca2l,0.09632465279820263,0.09322700062647059,0.03241768831188724,807.0,805.42,0.0,0.5863789320073938,0.32514273236540886,0.5862431447311739,0.4342423714491972,0.2951679469543649,0.1516816984126355
810,apex1.1 + ascan2 + iamp-ca2l,0.0944581022732843,0.09083370500020425,0.03521341496783087,810.0,806.82,0.0,0.5417514580160722,0.3147350618746038,0.5572206909253559,0.45228989153129806,0.16538906873435982,0.1538733862819199
811,iamp-ca2l + iampcn + macrel,0.09235573887152777,0.09480743497471406,0.026479391732536772,808.0,805.16,0.0,0.6992146806604765,0.4064448543872958,0.47902680039157736,0.8316679323596912,0.4661783745035472,0.1556125540024507
812,amPEPpy + apex1.1 + iamp-ca2l,0.08941936192299837,0.0830839688127451,0.06314237535539216,812.0,803.52,0.0,0.5963866044907165,0.2965674647872465,0.5352327775328547,0.4400387376369493,0.38250462344280134,0.2879080269636867
813,apex1.1 + iamp-ca2l + lstm,0.08432888101102942,0.08362398394362744,0.011995031676879084,809.0,809.42,0.0,0.5669936682887198,0.32180800341597365,0.5639655225753101,0.463485932844615,0.21825666165927612,0.16208295177208523
814,amPEPpy + ampir + iamp-ca2l,0.08002920051266338,0.07976121084660949,0.02469973473754085,810.0,810.18,0.0,0.6827760900011951,0.37125410344824084,0.46416213366335235,0.7998120411592261,0.4658839706707237,0.1768053454965083
815,ampir + apex1.1 + iamp-ca2l,0.0419550013623366,0.03879638477785948,0.025135321308721405,815.0,814.68,0.0,0.5665925900322323,0.2428316035558431,0.488990241816887,0.4453872396645469,0.27360136051429573,0.11532100959048988
816,apex1.1 + iamp-ca2l + iampcn,0.028726993903186275,0.02793784380767974,0.008729281789215688,816.0,815.5,0.0,0.5850408314021531,0.18586317980684344,0.42730096842020077,0.49022830158856917,0.3423135407072039,0.10729650848492894
