{
  "datasets_results": {
    "Dataset_1_test1": {
      "outputs": {
        "Macrel": {
          "ACC": 0.9929019422713785,
          "Recall": 0.733140655105973,
          "MCC": 0.7816284758316187,
          "AUROC": 0.8661158520742783,
          "AUPRC": 0.7270075014929146
        },
        "AMP-Scanner-v2": {
          "ACC": 0.7701203681850366,
          "Recall": 0.8981748318924111,
          "MCC": 0.20365650456791468,
          "AUROC": 0.9127884009913436,
          "AUPRC": 0.27139683858006125
        }
      },
      "critic_md": "data\\results\\Dataset_1_test1\\critic_individual.md"
    },
    "Dataset_2_test2": {
      "outputs": {
        "Macrel": {
          "ACC": 0.7906458797327395,
          "Recall": 0.4910344827586207,
          "MCC": 0.5919428773647308,
          "AUROC": 0.7431404745806368,
          "AUPRC": 0.6924391326863056
        },
        "AMP-Scanner-v2": {
          "ACC": 0.7778396436525612,
          "Recall": 0.7420689655172413,
          "MCC": 0.5413329277341533,
          "AUROC": 0.8403026497955505,
          "AUPRC": 0.8030030111213146
        }
      },
      "critic_md": "data\\results\\Dataset_2_test2\\critic_individual.md"
    }
  }
}