{
  "datasets_results": {
    "Dataset_1_test1": {
      "outputs": {
        "Macrel": {
          "ACC": 0.9339887640449438,
          "Recall": 0.9058988764044944,
          "MCC": 0.8693505200710013,
          "AUROC": 0.9493316816058579,
          "AUPRC": 0.9505882167367545
        },
        "AMP-Scanner-v2": {
          "ACC": 0.9627808988764045,
          "Recall": 0.9859550561797753,
          "MCC": 0.9265575326092487,
          "AUROC": 0.9918156640575685,
          "AUPRC": 0.9897446386415575
        }
      },
      "critic_md": "data\\results\\Dataset_1_test1\\critic_individual.md"
    },
    "Dataset_2_test2": {
      "outputs": {
        "Macrel": {
          "ACC": 0.9673421904504991,
          "Recall": 0.74373795761079,
          "MCC": 0.47182496418690445,
          "AUROC": 0.8668235578741925,
          "AUPRC": 0.6815417276651835
        },
        "AMP-Scanner-v2": {
          "ACC": 0.770147693552738,
          "Recall": 0.8978805394990366,
          "MCC": 0.20332198892290648,
          "AUROC": 0.9127657872717837,
          "AUPRC": 0.27169723735864837
        }
      },
      "critic_md": "data\\results\\Dataset_2_test2\\critic_individual.md"
    },
    "Dataset_3_test3": {
      "outputs": {
        "Macrel": {
          "ACC": 0.738584217257203,
          "Recall": 0.49475524475524474,
          "MCC": 0.5173562059456933,
          "AUROC": 0.7229900428355843,
          "AUPRC": 0.6665640733876625
        },
        "AMP-Scanner-v2": {
          "ACC": 0.758895659369593,
          "Recall": 0.8235855054036872,
          "MCC": 0.5259680796633767,
          "AUROC": 0.8262351813695128,
          "AUPRC": 0.7899589438121759
        }
      },
      "critic_md": "data\\results\\Dataset_3_test3\\critic_individual.md"
    }
  }
}