{
  "datasets_results": {
    "Dataset_1_test1": {
      "outputs": {
        "Macrel": {
          "ACC": 0.7906458797327395,
          "Recall": 0.4910344827586207,
          "MCC": 0.5919428773647308,
          "AUROC": 0.9401912489133585,
          "AUPRC": 0.9245183250615577
        },
        "AMP-Scanner-v2": {
          "ACC": 0.7472160356347439,
          "Recall": 0.7531034482758621,
          "MCC": 0.4888368571915231,
          "AUROC": 0.8210869635210405,
          "AUPRC": 0.7632795166676176
        },
        "amPEPpy": {
          "ACC": 0.7344097995545658,
          "Recall": 0.76,
          "MCC": 0.46871276818425345,
          "AUROC": 0.8405228758169935,
          "AUPRC": 0.7578865978981311
        },
        "AI4AMP": {
          "ACC": 0.7884187082405345,
          "Recall": 0.6289655172413793,
          "MCC": 0.5545281026487494,
          "AUROC": 0.8478560159696062,
          "AUPRC": 0.8267154512857589
        },
        "AMPlify": {
          "ACC": 0.8012249443207127,
          "Recall": 0.7213793103448276,
          "MCC": 0.5836384113247856,
          "AUROC": 0.8860446247464502,
          "AUPRC": 0.8617729195988929
        }
      },
      "critic_md": "data\\results\\Dataset_1_test1\\critic_individual.md"
    }
  }
}