{
  "datasets_results": {
    "AIP_数据集": {
      "outputs": {
        "Macrel": {
          "ACC": NaN,
          "Recall": NaN,
          "MCC": NaN,
          "AUROC": 0.5448529788347417,
          "AUPRC": 0.4508486358498839
        },
        "AMP-Scanner-v2": {
          "ACC": NaN,
          "Recall": NaN,
          "MCC": NaN,
          "AUROC": 0.5088948482757516,
          "AUPRC": 0.42502198675508085
        },
        "amPEPpy": {
          "ACC": NaN,
          "Recall": NaN,
          "MCC": NaN,
          "AUROC": 0.5735477364580517,
          "AUPRC": 0.45746354213432416
        },
        "AMPlify": {
          "ACC": NaN,
          "Recall": NaN,
          "MCC": NaN,
          "AUROC": 0.563729070883284,
          "AUPRC": 0.4576972693338003
        }
      },
      "critic_md": "data\\results\\AIP_数据集\\critic_individual.md"
    },
    "AntiBP2_数据集": {
      "outputs": {
        "Macrel": {
          "ACC": NaN,
          "Recall": NaN,
          "MCC": NaN,
          "AUROC": 0.9032083334377123,
          "AUPRC": 0.9327337290694504
        },
        "AMP-Scanner-v2": {
          "ACC": NaN,
          "Recall": NaN,
          "MCC": NaN,
          "AUROC": NaN,
          "AUPRC": NaN
        },
        "amPEPpy": {
          "ACC": NaN,
          "Recall": NaN,
          "MCC": NaN,
          "AUROC": 0.7715499376546111,
          "AUPRC": 0.8430263946523517
        },
        "AMPlify": {
          "ACC": NaN,
          "Recall": NaN,
          "MCC": NaN,
          "AUROC": 0.9135227095759494,
          "AUPRC": 0.9420124870958757
        }
      },
      "critic_md": "data\\results\\AntiBP2_数据集\\critic_individual.md"
    },
    "Dataset_1_test1": {
      "outputs": {
        "Macrel": {
          "ACC": NaN,
          "Recall": NaN,
          "MCC": NaN,
          "AUROC": 0.9120852730362815,
          "AUPRC": 0.9481245135692435
        },
        "AMP-Scanner-v2": {
          "ACC": NaN,
          "Recall": NaN,
          "MCC": NaN,
          "AUROC": 0.8210869635210405,
          "AUPRC": 0.7632795166676176
        },
        "amPEPpy": {
          "ACC": NaN,
          "Recall": NaN,
          "MCC": NaN,
          "AUROC": 0.8405235197527285,
          "AUPRC": 0.7578969708685204
        },
        "AMPlify": {
          "ACC": NaN,
          "Recall": NaN,
          "MCC": NaN,
          "AUROC": 0.8860446247464502,
          "AUPRC": 0.8617729195988929
        }
      },
      "critic_md": "data\\results\\Dataset_1_test1\\critic_individual.md"
    },
    "sAMPpred-GAT_测试集": {
      "outputs": {
        "Macrel": {
          "ACC": NaN,
          "Recall": NaN,
          "MCC": NaN,
          "AUROC": 0.8834983353776065,
          "AUPRC": 0.9822374194310578
        },
        "AMP-Scanner-v2": {
          "ACC": NaN,
          "Recall": NaN,
          "MCC": NaN,
          "AUROC": 0.6251395245005023,
          "AUPRC": 0.864923746189586
        },
        "amPEPpy": {
          "ACC": NaN,
          "Recall": NaN,
          "MCC": NaN,
          "AUROC": 0.7942013617591248,
          "AUPRC": 0.9239183439446723
        },
        "AMPlify": {
          "ACC": NaN,
          "Recall": NaN,
          "MCC": NaN,
          "AUROC": 0.7469583658890502,
          "AUPRC": 0.9207450916775394
        }
      },
      "critic_md": "data\\results\\sAMPpred-GAT_测试集\\critic_individual.md"
    }
  }
}