{
  "datasets_results": {
    "Dataset_1_test1": {
      "outputs": {
        "Macrel": {
          "ACC": 0.9928849623172767,
          "Recall": 0.733140655105973,
          "MCC": 0.7811852741138019,
          "AUROC": 0.9798579452300243,
          "AUPRC": 0.8444254652842205
        },
        "AMP-Scanner-v2": {
          "ACC": 0.7701606784576217,
          "Recall": 0.8978805394990366,
          "MCC": 0.20333130009782702,
          "AUROC": 0.912768630028475,
          "AUPRC": 0.2716995662092798
        }
      },
      "critic_md": "data\\results\\Dataset_1_test1\\critic_individual.md"
    },
    "Dataset_2_test2": {
      "outputs": {
        "Macrel": {
          "ACC": 0.7906458797327395,
          "Recall": 0.4910344827586207,
          "MCC": 0.5919428773647308,
          "AUROC": 0.9401912489133585,
          "AUPRC": 0.9245183250615577
        },
        "AMP-Scanner-v2": {
          "ACC": 0.7778396436525612,
          "Recall": 0.7420689655172413,
          "MCC": 0.5413329277341533,
          "AUROC": 0.8403026497955505,
          "AUPRC": 0.8030030111213146
        }
      },
      "critic_md": "data\\results\\Dataset_2_test2\\critic_individual.md"
    }
  }
}