model_name,meeting_decision,screening_bucket,decision_reason,selected_in_final_deployment,task_type,source_doi,source_pmid,code_repository_url,benchmark_candidate,deployment_eligible,blocking_issues
ADAM,reject_or_hold,manual_review_required,amp_relevance_present_but_binary_task_identity_unclear,False,antimicrobial peptide classification,10.3389/fimmu.2022.821070,35432369,not_reported_in_available_evidence,True,,webserver_only; no_local_implementation; no_weights_available
ADP3,reject_or_hold,manual_review_required,amp_relevance_present_but_binary_task_identity_unclear,False,AMP prediction,10.7717/peerj.17894,39346049,not_reported_in_available_evidence,False,,review_only; original_paper_needed; no model details in available evidence
alphafold3,reject_or_hold,manual_review_required,amp_relevance_present_but_binary_task_identity_unclear,False,not_reported_in_available_evidence,10.1101/2023.10.24.562294,40233743,https://github.com/google-deepmind/alphafold3,False,,irrelevant_to_AMP; no_amp_prediction_evidence; misleading_repository_match
amp-gan,reject_or_hold,manual_review_required,amp_relevance_present_but_binary_task_identity_unclear,False,AMP prediction,10.1007/s12602-024-10402-4,39557756,https://gitlab.com/vail-uvm/amp-gan,True,,needs original paper verification
AMP_mining_pipeline_Shanxi_vinegar,reject_or_hold,manual_review_required,amp_relevance_present_but_binary_task_identity_unclear,False,AMP prediction,10.1016/j.foodchem.2024.140646,39089018,not_reported_in_available_evidence,False,,no_code; no_model_name; abstract_only; not_benchmark_ready
AMPDeep,reject_or_hold,manual_review_required,amp_relevance_present_but_binary_task_identity_unclear,False,hemolytic_activity_prediction,10.1093/bioinformatics/btz246,36163001,not_reported_in_available_evidence,False,,Not an AMP prediction model; predicts hemolytic activity.; Preprint version exists; peer-reviewed publication may have discrepancies.; Code and model weights not available.
AmpGram,reject_or_hold,manual_review_required,amp_relevance_present_but_binary_task_identity_unclear,False,antimicrobial peptide classification,10.3390/ijms21124310,32560350,not_reported_in_available_evidence,True,,Original code not in evidence; Web server not reported
ANIA,reject_or_hold,manual_review_required,amp_relevance_present_but_binary_task_identity_unclear,False,AMP prediction,10.1093/bib/bbag023,41664908,https://github.com/SilverGojo4/ANIA.,True,,"regression task (MIC), not binary AMP classification"
APD,reject_or_hold,manual_review_required,amp_relevance_present_but_binary_task_identity_unclear,False,antimicrobial peptide classification,10.3389/fmicb.2023.1125426,36834553,not_reported_in_available_evidence,True,,review_only; original_paper_needed for algorithm details
APD prediction tool,reject_or_hold,manual_review_required,amp_relevance_present_but_binary_task_identity_unclear,False,AMP prediction / antimicrobial peptide classification,10.1007/978-1-4939-2285-7_3,25555720,not_reported_in_available_evidence,True,,"Prediction method is based on similarity to database entries, not a trained ML model; fulltext mismatched, so details unknown"
APD2 prediction,reject_or_hold,manual_review_required,amp_relevance_present_but_binary_task_identity_unclear,False,antimicrobial peptide classification,10.1371/journal.pone.0117394,25671663,not_reported_in_available_evidence,True,,original_model_paper_needed
APD6 Predictor,reject_or_hold,manual_review_required,amp_relevance_present_but_binary_task_identity_unclear,False,antimicrobial peptide prediction,10.2174/1381612828666220817163339,35980058,not_reported_in_available_evidence,True,,Evidence from a review article; full text of the review not available; Exact prediction method and performance metrics not provided
APEX,reject_or_hold,manual_review_required,amp_relevance_present_but_binary_task_identity_unclear,False,AMP prediction (MIC prediction),10.1101/2024.12.17.628923,39764027,not_reported_in_available_evidence,True,,Code and trained model not publicly available; Training data not publicly available
BERT-Protein,reject_or_hold,manual_review_required,amp_relevance_present_but_binary_task_identity_unclear,False,AMP prediction,10.1021/acs.jcim.4c00507,39316765,not_reported_in_available_evidence,False,,原始论文未检索，证据来自综述，无代码或服务器信息
cAMPs-pred,reject_or_hold,manual_review_required,amp_relevance_present_but_binary_task_identity_unclear,False,AMP prediction,10.1021/acs.jcim.4c00507,39316765,not_reported_in_available_evidence,False,,原始论文未检索，证据来自综述，无代码或服务器信息
CD-HIT web server,reject_or_hold,manual_review_required,amp_relevance_present_but_binary_task_identity_unclear,False,sequence clustering,10.34172/bi.2023.26438,38327633,not_reported_in_available_evidence,False,,not_an_amp_prediction_model; tool_only
CNN-based PDA mechanochromic fingerprint AMP identification,reject_or_hold,manual_review_required,amp_relevance_present_but_binary_task_identity_unclear,False,antimicrobial peptide classification,10.1002/anie.5828776,42429113,not_reported_in_available_evidence,False,,基于物理传感器响应，非序列/结构预测; 需要特定硬件（PDA传感器）和光谱成像; 无公开代码或数据集
CTCM-Neo & ConformaX-PEP,reject_or_hold,manual_review_required,amp_relevance_present_but_binary_task_identity_unclear,False,antimalarial peptide classification,10.3389/fcimb.2026.1707267,41859462,not_reported,False,,"antimalarial-specific, no code, no full text"
DBAASPv3.0,reject_or_hold,manual_review_required,amp_relevance_present_but_binary_task_identity_unclear,False,AMP prediction,not_reported_in_available_evidence,37523405,not_reported_in_available_evidence,True,,
de novo designed bifunctional AMP deep learning model,reject_or_hold,manual_review_required,amp_relevance_present_but_binary_task_identity_unclear,False,AMP prediction,10.7554/elife.97330.3.sa2,,,True,,Only a public review document; no details of the model.; No code or data links.; Exact model name and architecture unknown.
De novo designed bifunctional antimicrobial peptide DL model,reject_or_hold,manual_review_required,amp_relevance_present_but_binary_task_identity_unclear,False,antimicrobial peptide classification,10.7554/eLife.97330,,not_reported_in_available_evidence,True,,"Full text not available; model details, code, and data unknown.; review_only"
Deep learning hybrid model (unnamed),reject_or_hold,manual_review_required,amp_relevance_present_but_binary_task_identity_unclear,False,AMP prediction,10.1186/s40168-025-02326-0,41731616,not_reported_in_available_evidence,False,,model_name_unknown; no_details; review_only
Deep learning regression model for antimicrobial peptide design (Witten & Witten 2019),reject_or_hold,manual_review_required,amp_relevance_present_but_binary_task_identity_unclear,False,AMP prediction,10.1101/692681,21347392,https://github.com/zswitten/Antimicrobial-Peptides,True,,Preprint status (no peer-reviewed publication yet); Full text not available to confirm details
DeepMAMP,reject_or_hold,manual_review_required,amp_relevance_present_but_binary_task_identity_unclear,False,antimicrobial peptide classification,10.1016/j.foodchem.2025.145174,40561758,not_reported_in_available_evidence,True,,"No code or dataset links provided in available evidence; GitHub link found is unrelated to this model.; Full-text excerpt appears to be from a different paper, so only abstract evidence is used."
dPABB,reject_or_hold,manual_review_required,amp_relevance_present_but_binary_task_identity_unclear,False,antimicrobial peptide classification (anti-biofilm),10.3389/fmed.2022.1047752,36405598,not_reported_in_available_evidence,False,,not developed in this paper; original publication and code not provided
In silico AMP design from cuttlefish database (Houyvet et al.),reject_or_hold,manual_review_required,amp_relevance_present_but_binary_task_identity_unclear,False,AMP prediction / antimicrobial peptide classification,10.1007/s00726-018-2633-4,30121851,not_reported_in_available_evidence,True,,"Relies on external tools (APD3, CAMPR3); homemade software not described; No code available; Full text unavailable; cannot verify methodology"
LLAMP,reject_or_hold,manual_review_required,amp_relevance_present_but_binary_task_identity_unclear,False,"AMP prediction (MIC prediction, species-aware)",10.1093/bib/bbaf343,40676915,https://github.com/GIST-CSBL/LLAMP,True,,
Multi-label WKnn-MLR,reject_or_hold,manual_review_required,insufficient_task_metadata,False,,,,,,,"No code, no web server, cannot be benchmarked"
"Multiple DL models reviewed (e.g., AMP-BERT, Deep-AmPEP30, etc.)",reject_or_hold,manual_review_required,amp_relevance_present_but_binary_task_identity_unclear,False,AMP prediction,10.3390/antibiotics11101451,36290108,not_reported_in_available_evidence,False,,Review-level evidence; No specific model details or code
Mutator,reject_or_hold,manual_review_required,amp_relevance_present_but_binary_task_identity_unclear,False,antimicrobial peptide redesign/optimization,10.1016/j.bbamem.2019.01.017,30710514,not_reported_in_available_evidence,True,,no_web_link_found; full_text_verification_needed
panCleave,reject_or_hold,manual_review_required,amp_relevance_present_but_binary_task_identity_unclear,False,AMP prediction,10.1016/j.chom.2023.07.001,37516110,https://gitlab.com/machine-biology-group-public/pancleave,True,,
PepMCP,reject_or_hold,manual_review_required,amp_relevance_present_but_binary_task_identity_unclear,False,antimicrobial peptide classification,10.64898/2026.02.01.703163,,https://github.com/ComputBiophys/PepMCP,True,,preprint; no full text; no web server URL
SeqGAN-BERT-MLP AMP identifier (Cao et al. 2023),reject_or_hold,manual_review_required,amp_relevance_present_but_binary_task_identity_unclear,False,AMP prediction,10.1093/bib/bbad058,36857616,not_reported_in_available_evidence,False,,No code or model name provided; Insufficient detail for reproducibility
The Antimicrobial Peptide Pipeline,reject_or_hold,manual_review_required,amp_relevance_present_but_binary_task_identity_unclear,False,antimicrobial peptide classification,10.2174/0115665232343790250120071445,,not_reported_in_available_evidence,True,,
2020-peptidomics,reject_or_hold,misretrieval_or_out_of_scope,no_main_amp_binary_task_evidence,False,,,,https://github.com/ErikHartman/2020-peptidomics,True,,
A-CaMP,reject_or_hold,misretrieval_or_out_of_scope,non_binary_or_secondary_peptide_task,False,antimicrobial peptide classification / anti-cancer peptide prediction,10.1080/07391102.2019.1708796,31870207,not_reported_in_available_evidence,True,,"no code, no dataset; task boundary unclear (also predicts anticancer peptides)"
AAGP,reject_or_hold,misretrieval_or_out_of_scope,no_main_amp_binary_task_evidence,False,,,,https://github.com/aagpazos/aagpazos.github.io,True,,github_search_candidate_requires_manual_verification
ACP-DL,reject_or_hold,misretrieval_or_out_of_scope,non_binary_or_secondary_peptide_task,False,anticancer peptide prediction,10.1038/s41598-021-02703-3,34880291,https://github.com/haichengyi/ACP-DL,False,,"targets anticancer peptides, not antimicrobial peptides"
ACP-ESM,reject_or_hold,misretrieval_or_out_of_scope,explicit_scope_or_task_exclusion,False,anticancer_peptide_classification,10.1016/j.artmed.2024.102951,39173421,https://github.com/mstf-yalcin/acp-esm,False,,out_of_scope_for_AMP
acp-ope,reject_or_hold,misretrieval_or_out_of_scope,no_main_amp_binary_task_evidence,False,,,,https://github.com/khanhlee/acp-ope,True,,github_search_candidate_requires_manual_verification
aCPP-QSAR model,reject_or_hold,misretrieval_or_out_of_scope,no_main_amp_binary_task_evidence,False,other,10.1080/07391102.2018.1484814,30047310,not_reported_in_available_evidence,False,,No code/web server; Specific to aCPPs and S. aureus; No dataset provided
ACPred,reject_or_hold,misretrieval_or_out_of_scope,non_binary_or_secondary_peptide_task,False,anticancer_peptide_prediction,10.3390/ijms262010077,41155367,not_reported_in_available_evidence,False,,original_paper_not_found; only_usage_reported
ADAM_web_server,reject_or_hold,misretrieval_or_out_of_scope,no_main_amp_binary_task_evidence,False,,,,https://github.com/urban-adam/urban-adam-web,True,,
ADAM (webserver),reject_or_hold,misretrieval_or_out_of_scope,no_main_amp_binary_task_evidence,False,AMP structural classification database,10.1155/2015/475062,26000295,not_reported,True,,"not a predictive model, database resource"
ADMETlab 3,reject_or_hold,misretrieval_or_out_of_scope,explicit_scope_or_task_exclusion,False,ADMET property prediction,10.1016/j.ultsonch.2026.107920,42276016,https://github.com/kucukkal/admetlab3.0,True,,not_AMP_specific
AFP-AE-CAE,reject_or_hold,misretrieval_or_out_of_scope,non_binary_or_secondary_peptide_task,False,antifungal peptide classification (AMP subclass),10.1007/s12559-026-10622-6,42398074,not_reported_in_available_evidence,True,,"No code available in evidence; Specialized for antifungal peptides, not general AMP; may require separate evaluation"
AFP_DL,reject_or_hold,misretrieval_or_out_of_scope,no_main_amp_binary_task_evidence,False,,,,https://github.com/DongYin521/AFP_DL-QSARES,True,,github_search_candidate_requires_manual_verification
AFP_DL-QSARES,reject_or_hold,misretrieval_or_out_of_scope,no_main_amp_binary_task_evidence,False,,,,https://github.com/DongYin521/AFP_DL-QSARES,True,,
AFPtransferPred,reject_or_hold,misretrieval_or_out_of_scope,non_binary_or_secondary_peptide_task,False,antifungal peptide classification,10.3390/ijms241210270,37373415,https://github.com/JinZhangLab/antifungal,True,,
AI4AFP,reject_or_hold,misretrieval_or_out_of_scope,non_binary_or_secondary_peptide_task,False,antimicrobial peptide classification,10.1021/acsomega.6c00049,42146199,not_reported_in_available_evidence,True,,specific to antifungal peptides; removed from main AMP benchmark; no code repository
AI4AVP,reject_or_hold,misretrieval_or_out_of_scope,non_binary_or_secondary_peptide_task,False,antimicrobial peptide classification,10.1109/JBHI.2021.3130825,37626205,https://github.com/LinTzuTang/AI4AVP_predictor,True,,github_search_candidate_requires_manual_verification
AI4AVP_predictor,reject_or_hold,misretrieval_or_out_of_scope,no_main_amp_binary_task_evidence,False,,,,https://github.com/LinTzuTang/AI4AVP_predictor,True,,github_search_candidate_requires_manual_verification
AIGCRS-AMP30,reject_or_hold,misretrieval_or_out_of_scope,non_binary_or_secondary_peptide_task,False,AMP prediction / classification / generation,10.21203/rs.3.rs-10204513/v1,41206110,not_reported_in_available_evidence,True,,"Preprint, no code or data available; Full text not available"
AIPAMPDS,reject_or_hold,misretrieval_or_out_of_scope,non_binary_or_secondary_peptide_task,False,AMP prediction,10.1101/2025.03.24.644774,42218716,not_reported_in_available_evidence,True,,"no full text available; lack of details on model architecture, training data, and specific prediction models; no code repository found"
allenCCF,reject_or_hold,misretrieval_or_out_of_scope,no_main_amp_binary_task_evidence,False,,,,https://github.com/cortex-lab/allenCCF,True,,
AllerCatPro,reject_or_hold,misretrieval_or_out_of_scope,explicit_scope_or_task_exclusion,False,allergenicity_prediction,10.3390/ijms262010077,41155367,not_reported_in_available_evidence,False,,webserver_only; out_of_scope
AllergenFP,reject_or_hold,misretrieval_or_out_of_scope,explicit_scope_or_task_exclusion,False,allergenicity_prediction,10.3390/ijms262010077,41155367,not_reported_in_available_evidence,False,,webserver_only; out_of_scope
AllerTop,reject_or_hold,misretrieval_or_out_of_scope,explicit_scope_or_task_exclusion,False,allergenicity_prediction,10.3390/ijms262010077,41155367,not_reported_in_available_evidence,False,,webserver_only; out_of_scope
Allopipe,reject_or_hold,misretrieval_or_out_of_scope,explicit_scope_or_task_exclusion,False,minor histocompatibility antigen prediction,10.1111/tan.70590,41672724,https://github.com/huguesrichard/Allopipe,False,False,out_of_scope_for_AMP_benchmark; minor_histocompatibility_antigen_task
AlphaFold,reject_or_hold,misretrieval_or_out_of_scope,explicit_scope_or_task_exclusion,False,protein_structure_prediction,10.1007/978-1-0716-0708-4_15,32621230,https://github.com/deepmind/alphafold.,False,,not_AMP_model; extracted_from_irrelevant_paper_MDockPeP
AMP,reject_or_hold,misretrieval_or_out_of_scope,ambiguous_model_identity_or_database_platform,False,antimicrobial peptide classification,10.1007/s12539-024-00640-z,38972032,https://github.com/researchprotein/amp,True,,
AMP-BERT GitHub repository,reject_or_hold,misretrieval_or_out_of_scope,no_main_amp_binary_task_evidence,False,,,,https://github.com/GIST-CSBL/AMP-BERT,True,,
amp_de_novo_design_cdGAN,reject_or_hold,misretrieval_or_out_of_scope,no_main_amp_binary_task_evidence,False,,,,https://github.com/aretiz/amp_de_novo_design_cdGAN,True,,
AMP-Designer,reject_or_hold,misretrieval_or_out_of_scope,non_binary_or_secondary_peptide_task,False,AMP generation / optimization,10.1016/j.sbi.2023.102733,37992451,not_reported_in_available_evidence,True,,Code not reported in this evidence
AMP-Diffusion,reject_or_hold,misretrieval_or_out_of_scope,non_binary_or_secondary_peptide_task,False,AMP generation and classification,10.1101/2025.01.31.636003,39975107,https://github.com/programmablebio/amp-diffusion,True,,code_not_available; no_dataset_link_or_name; no_performance_metrics_reported_in_abstract; review_only_abstract
AMP-GPT,reject_or_hold,misretrieval_or_out_of_scope,non_binary_or_secondary_peptide_task,False,antimicrobial peptide generation,10.1038/s44386-026-00045-6,40193623,not_reported_in_available_evidence,True,,No code or trained model weights provided; Training data details missing
AMP-researchprotein,reject_or_hold,misretrieval_or_out_of_scope,no_main_amp_binary_task_evidence,False,,,,https://github.com/researchprotein/amp,True,,
AMP-RL,reject_or_hold,misretrieval_or_out_of_scope,non_binary_or_secondary_peptide_task,False,AMP generation and optimization,10.1016/j.sbi.2023.102733,37992451,https://github.com/GIST-CSBL/AMP-RL.,True,,"not an AMP classifier; generative design model, not prediction"
AMP-RNNpro web server,reject_or_hold,misretrieval_or_out_of_scope,no_main_amp_binary_task_evidence,False,,,,https://github.com/Shazzad-Shaon3404/Website_AMPRNNpro,True,,
AMP target specificity Siamese network,reject_or_hold,misretrieval_or_out_of_scope,no_main_amp_binary_task_evidence,False,AMP activity regression,10.1145/3459930.3469506,,not_reported_in_available_evidence,True,,
AMP toxicity prediction code,reject_or_hold,misretrieval_or_out_of_scope,no_main_amp_binary_task_evidence,False,,,,https://github.com/h-khabbaz/amp-toxicity-predictor,True,,github_search_candidate_requires_manual_verification
AMP toxicity prediction model (hybrid),reject_or_hold,misretrieval_or_out_of_scope,explicit_scope_or_task_exclusion,False,antimicrobial peptide toxicity prediction,10.1186/s12859-021-04468-y,34758751,https://git.io/JRZaT,False,,Not an AMP prediction model; Focus on toxicity rather than antimicrobial activity classification
AMP0 webserver,reject_or_hold,misretrieval_or_out_of_scope,no_main_amp_binary_task_evidence,False,,,,https://github.com/danielm710/AMP-webserver,True,,
AMPA web server,reject_or_hold,misretrieval_or_out_of_scope,no_main_amp_binary_task_evidence,False,,,,https://github.com/miminiyo/ampaweb,True,,
AMPBenchmark,reject_or_hold,misretrieval_or_out_of_scope,no_main_amp_binary_task_evidence,False,,,,https://github.com/BioGenies/AMPBenchmark,True,,
AMPCLGPT,reject_or_hold,misretrieval_or_out_of_scope,non_binary_or_secondary_peptide_task,False,antimicrobial peptide classification,10.1101/2025.03.07.642021,,not_reported_in_available_evidence,True,,no code; no full text; preprint
AmPEP web server,reject_or_hold,misretrieval_or_out_of_scope,no_main_amp_binary_task_evidence,False,,,,https://github.com/Amal-Thomas/Amal-Thomas-PEP-GP-WebDevProject-Recipe,True,,github_search_candidate_requires_manual_verification
AmPepGen,reject_or_hold,misretrieval_or_out_of_scope,non_binary_or_secondary_peptide_task,False,AMP prediction / antimicrobial peptide generation,10.1007/s00284-025-04346-3,40643674,https://github.com/Anorpe/ampepgen-dev,True,,github_search_candidate_requires_manual_verification
AMPer web server,reject_or_hold,misretrieval_or_out_of_scope,no_main_amp_binary_task_evidence,False,,,,https://github.com/AmirhesamGhahari/Amir_Ghahari_Personal_Website_API_Server,True,,github_search_candidate_requires_manual_verification
AMPfun,reject_or_hold,misretrieval_or_out_of_scope,non_binary_or_secondary_peptide_task,False,AMP/anticancer/antibacterial prediction,10.3390/ijms262010077,41155367,not_reported_in_available_evidence,True,,original_paper_not_found; no_dataset_or_code_reported
AMPGAN,reject_or_hold,misretrieval_or_out_of_scope,non_binary_or_secondary_peptide_task,False,AMP generation / prediction,10.3390/antibiotics14121263,41463765,not_reported_in_available_evidence,True,,needs original paper verification
AMPGAN v2,reject_or_hold,misretrieval_or_out_of_scope,non_binary_or_secondary_peptide_task,False,AMP generation / antimicrobial peptide design,10.1021/acs.jcim.0c01441,33787250,not_reported_in_available_evidence,True,,Code repository URL not provided in available evidence (only mention of GitLab repository).; No external test set evaluation reported.
AMPGAN v3,reject_or_hold,misretrieval_or_out_of_scope,non_binary_or_secondary_peptide_task,False,other,10.1016/j.jmgm.2026.109497,42364293,https://github.com/marszzibros/AMPGANv3,True,,
AMPGen,reject_or_hold,misretrieval_or_out_of_scope,non_binary_or_secondary_peptide_task,False,antimicrobial peptide generation and design,10.1038/s42003-025-08282-7,40447738,not_reported_in_available_evidence,True,,code repository link not available; dataset details not reported in abstract; fulltext cache appears to contain unrelated content; actual full text needed
AMPGenix,reject_or_hold,misretrieval_or_out_of_scope,non_binary_or_secondary_peptide_task,False,other,10.1128/spectrum.01504-25,40891852,not_reported_in_available_evidence,False,,"task_type is generation, not prediction"
AMPGP,reject_or_hold,misretrieval_or_out_of_scope,non_binary_or_secondary_peptide_task,False,antimicrobial peptide classification,10.1021/acs.jcim.5c00647,40825014,not_reported_in_available_evidence,True,,"No code or dataset availability reported; Only abstract available, no full text"
AmpGPT2,reject_or_hold,misretrieval_or_out_of_scope,non_binary_or_secondary_peptide_task,False,other,10.1038/s44259-026-00218-3,42174216,https://imigitlab.uni-muenster.de/heiderlab/ampgpt2,True,,Not a direct AMP activity classifier; requires external classifier for evaluation.
AmpGram R package,reject_or_hold,misretrieval_or_out_of_scope,no_main_amp_binary_task_evidence,False,,,,https://github.com/cran/AmpGram,True,,
AMPlify GitHub,reject_or_hold,misretrieval_or_out_of_scope,no_main_amp_binary_task_evidence,False,,,,https://github.com/keonjale/amplifygithubrepo,True,,
AmpLyze,reject_or_hold,misretrieval_or_out_of_scope,non_binary_or_secondary_peptide_task,False,toxicity prediction,10.1109/BIBM66473.2025.11357112,,not_reported_in_available_evidence,True,,
AMPs-Net,reject_or_hold,misretrieval_or_out_of_scope,non_binary_or_secondary_peptide_task,False,antimicrobial peptide classification,10.3389/fmicb.2021.710199,35877911,not_reported_in_available_evidence,True,,only review evidence; no code or server found
AMPScanner vr.2 web server,reject_or_hold,misretrieval_or_out_of_scope,no_main_amp_binary_task_evidence,False,,,,https://github.com/dan-veltri/amp-scanner-v2,True,,
AMPScanner vr.2 web server (alternate),reject_or_hold,misretrieval_or_out_of_scope,no_main_amp_binary_task_evidence,False,,,,https://github.com/dan-veltri/amp-scanner-v2,True,,
AMPSorter,reject_or_hold,misretrieval_or_out_of_scope,non_binary_or_secondary_peptide_task,False,AMP binary prediction/classification,10.1038/s41564-025-02114-4,,https://github.com/W1V1995/AMP_Project,True,,
ampsphere,reject_or_hold,misretrieval_or_out_of_scope,ambiguous_model_identity_or_database_platform,False,AMP prediction / database,10.1007/s12602-024-10402-4,39557756,not_reported_in_available_evidence,True,,needs original paper verification
ampsphere_web_server,reject_or_hold,misretrieval_or_out_of_scope,no_main_amp_binary_task_evidence,False,,,,https://github.com/BigDataBiology/AMPSphereWebsite,True,,
amyAMP,reject_or_hold,misretrieval_or_out_of_scope,non_binary_or_secondary_peptide_task,False,AMP generation/design,10.64898/2026.03.21.713424,41653519,not_reported_in_available_evidence,True,,no code available in provided evidence; no web server; no external test dataset described; generation task rather than classification may require different benchmark criteria
ANIA_github,reject_or_hold,misretrieval_or_out_of_scope,no_main_amp_binary_task_evidence,False,,,,https://github.com/aniagithub/Nieliniowe,True,,
Anti_Cp,reject_or_hold,misretrieval_or_out_of_scope,no_main_amp_binary_task_evidence,False,,,,https://github.com/raghavagps/anticp2,True,,
Anti_Cp.git,reject_or_hold,misretrieval_or_out_of_scope,no_main_amp_binary_task_evidence,False,,,,https://github.com/AntiO-cps/antio-cps.github.io,True,,github_search_candidate_requires_manual_verification
anti-flavi,reject_or_hold,misretrieval_or_out_of_scope,explicit_scope_or_task_exclusion,False,antiviral_flavivirus_inhibitor_prediction,10.3389/fmicb.2018.03121,30619195,not_reported_in_available_evidence,False,,out_of_scope_antiviral_only
Anti-Hepatitis Peptides predictor (ref [9]),reject_or_hold,misretrieval_or_out_of_scope,no_main_amp_binary_task_evidence,False,specific anti-hepatitis peptide prediction,10.6026/97320630013415,29379261,not_reported_in_available_evidence,True,,"Specific to anti-hepatitis, not general AMP; No code, no original paper"
AntiBP3 GitLab,reject_or_hold,misretrieval_or_out_of_scope,no_main_amp_binary_task_evidence,False,,,,https://github.com/raghavagps/AntiBP3,True,,github_search_candidate_requires_manual_verification
AntiBP3 PyPI,reject_or_hold,misretrieval_or_out_of_scope,no_main_amp_binary_task_evidence,False,,,,https://github.com/raghavagps/AntiBP3,True,,github_search_candidate_requires_manual_verification
AntiBP3 Web Server,reject_or_hold,misretrieval_or_out_of_scope,no_main_amp_binary_task_evidence,False,,,,https://github.com/raghavagps/AntiBP3,True,,github_search_candidate_requires_manual_verification
Anticancer-Peptides-CNN,reject_or_hold,misretrieval_or_out_of_scope,explicit_scope_or_task_exclusion,False,anticancer peptide prediction,10.1038/s41598-021-02703-3,34880291,https://github.com/mrzResearchArena/Anticancer-Peptides-CNN,False,,task_mismatch
AntiCP,reject_or_hold,misretrieval_or_out_of_scope,non_binary_or_secondary_peptide_task,False,anticancer_peptide_prediction,10.3390/ijms262010077,41155367,not_reported_in_available_evidence,False,,webserver_only; superseded_by_AntiCP2.0
AntiCP 2.0,reject_or_hold,misretrieval_or_out_of_scope,non_binary_or_secondary_peptide_task,False,anticancer peptide prediction,10.3390/md24010032,41590729,not_reported_in_available_evidence,False,,review_only; original_paper_needed
AntiCP2.0,reject_or_hold,misretrieval_or_out_of_scope,non_binary_or_secondary_peptide_task,False,anticancer_peptide_prediction,10.3390/ijms262010077,41155367,not_reported_in_available_evidence,True,,webserver_only; no_source_code; no_model_weights_provided; batch_inference_unknown
Antifp,reject_or_hold,misretrieval_or_out_of_scope,non_binary_or_secondary_peptide_task,False,antifungal peptide classification,10.1002/cpz1.113,37373415,not_reported_in_available_evidence,True,,not developed in this paper; original publication and code not provided
Antimicrobial,reject_or_hold,misretrieval_or_out_of_scope,no_main_amp_binary_task_evidence,False,,,,https://github.com/zswitten/Antimicrobial-Peptides,True,,
Antimicrobial Peptide Scanner vr.2 web server,reject_or_hold,misretrieval_or_out_of_scope,no_main_amp_binary_task_evidence,False,,,,https://github.com/dan-veltri/amp-scanner-v2,True,,
Antimicrobial-Peptides,reject_or_hold,misretrieval_or_out_of_scope,no_main_amp_binary_task_evidence,False,,,,https://github.com/zswitten/Antimicrobial-Peptides,True,,
APD3,reject_or_hold,misretrieval_or_out_of_scope,ambiguous_model_identity_or_database_platform,False,AMP prediction,10.3389/fmolb.2021.669431,33996914,not_reported_in_available_evidence,True,,review_only; original_paper_needed
ApexAmphion,reject_or_hold,misretrieval_or_out_of_scope,non_binary_or_secondary_peptide_task,False,antimicrobial peptide design/generation and prediction,10.1016/j.cell.2025.07.033,41040195,not_reported_in_available_evidence,True,,code and model weights not publicly available; generative model may not be directly comparable to discriminative AMP classifiers
ApexGO,reject_or_hold,misretrieval_or_out_of_scope,non_binary_or_secondary_peptide_task,False,AMP prediction / antimicrobial peptide optimization,10.1038/s42256-026-01237-5,42206144,not_reported_in_available_evidence,True,,Code and model not publicly available; APEX predictor weights not available
ARCADIAMP,reject_or_hold,misretrieval_or_out_of_scope,non_binary_or_secondary_peptide_task,False,AMP generation and prediction,10.1038/s41467-026-75030-8,42414289,not_reported_in_available_evidence,True,,no code or data available from abstract
aro,reject_or_hold,misretrieval_or_out_of_scope,no_main_amp_binary_task_evidence,False,,,,https://github.com/attdevsupport/ARO,True,,
ATP-Program,reject_or_hold,misretrieval_or_out_of_scope,explicit_scope_or_task_exclusion,False,mononucleotide_binding_site_prediction,10.1016/j.compbiolchem.2022.107744,35933804,https://github.com/fendouba123/ATP-Program,False,,out_of_scope_not_amp
AVCpred,reject_or_hold,misretrieval_or_out_of_scope,explicit_scope_or_task_exclusion,False,antiviral peptide prediction,10.3389/fmolb.2021.669431,33996914,not_reported_in_available_evidence,False,,out_of_scope_antiviral_only; review_only
AVP-IC50Pred,reject_or_hold,misretrieval_or_out_of_scope,non_binary_or_secondary_peptide_task,False,regression (antiviral peptide IC50 prediction),10.3390/molecules28010050,36615263,not_reported_in_available_evidence,False,,original_paper_missing; no_public_code_or_weights
AVP-predictor,reject_or_hold,misretrieval_or_out_of_scope,explicit_scope_or_task_exclusion,False,antimicrobial peptide classification,10.1038/s41598-025-11328-9,40664756,not_reported_in_available_evidence,True,,Not AMP-specific
Bacterial Wars,reject_or_hold,misretrieval_or_out_of_scope,explicit_scope_or_task_exclusion,False,bacterial predominance prediction,10.1093/nargab/lqad049,37260512,not_reported_in_available_evidence,False,,out_of_scope; not_amp_classifier; no_training_code_or_weights
BACTIBASE,reject_or_hold,misretrieval_or_out_of_scope,no_main_amp_binary_task_evidence,False,bacteriocin prediction,10.1093/bioinformatics/btx081,28203715,not_reported_in_available_evidence,True,,needs original paper verification
BAGEL3,reject_or_hold,misretrieval_or_out_of_scope,no_main_amp_binary_task_evidence,False,bacteriocin prediction,10.1093/bioinformatics/btx081,28203715,not_reported_in_available_evidence,True,,needs original paper verification
BAGEL4,reject_or_hold,misretrieval_or_out_of_scope,no_main_amp_binary_task_evidence,False,,,,https://github.com/ByteDance-Seed/Bagel,True,,
BERT-AmPEP60,reject_or_hold,misretrieval_or_out_of_scope,non_binary_or_secondary_peptide_task,False,AMP prediction,10.1021/acs.jcim.4c01749,40086449,https://github.com/janecai0714/AMP_regression_EC_SA,True,,
BioAMPify,reject_or_hold,misretrieval_or_out_of_scope,non_binary_or_secondary_peptide_task,False,AMP prediction / antimicrobial peptide classification,10.1007/s12602-026-11022-w,42020675,not_reported_in_available_evidence,True,,
BioPepPred-DLEmb,reject_or_hold,misretrieval_or_out_of_scope,no_main_amp_binary_task_evidence,False,bioactive peptide prediction (including antimicrobial),10.1016/j.foodchem.2024.142464,39675273,not_reported_in_available_evidence,True,,"Only abstract available; Full text describes MAPLE, not BioPepPred-DLEmb; No code or data links"
C. acnes-targeted AMP generation pipeline (activity classifier),reject_or_hold,misretrieval_or_out_of_scope,non_binary_or_secondary_peptide_task,False,AMP prediction / antimicrobial peptide classification,10.1038/s41598-024-55205-3,38402320,not_reported_in_available_evidence,True,,"No code or web server available; Focused on C. acnes, not general AMP prediction; Not intended as a standalone benchmark model"
CalcAMP,reject_or_hold,misretrieval_or_out_of_scope,explicit_scope_or_task_exclusion,False,AMP prediction,10.3390/antibiotics12040725,37107088,https://github.com/CDDLeiden/CalcAMP,True,,
CalcAMP GitHub repository,reject_or_hold,misretrieval_or_out_of_scope,no_main_amp_binary_task_evidence,False,,,,https://github.com/CDDLeiden/CalcAMP,True,,
CAMP,reject_or_hold,misretrieval_or_out_of_scope,ambiguous_model_identity_or_database_platform,False,antimicrobial peptide classification,10.3389/fmicb.2023.1125426,36834553,not_reported_in_available_evidence,True,,review_only; original_paper_needed
CAMP-RL,reject_or_hold,misretrieval_or_out_of_scope,no_main_amp_binary_task_evidence,False,other,10.1109/jbhi.2026.3710812,42412656,not_reported_in_available_evidence,True,,"No code or web server available; Only abstract available, details unknown"
CAMPR3,reject_or_hold,misretrieval_or_out_of_scope,ambiguous_model_identity_or_database_platform,False,AMP prediction,10.1093/database/baab012,35305010,not_reported_in_available_evidence,True,,"no code, webserver only; non-reproducible locally"
CancerGram,reject_or_hold,misretrieval_or_out_of_scope,non_binary_or_secondary_peptide_task,False,antimicrobial peptide classification,10.1002/2211-5463.13847,38877295,not_reported_in_available_evidence,True,,"Review mentions tool, but no detailed performance data in this source"
CancerPPD2,reject_or_hold,misretrieval_or_out_of_scope,non_binary_or_secondary_peptide_task,False,anticancer peptide prediction,10.3390/md24010032,41590729,not_reported_in_available_evidence,False,,review_only; original_paper_needed
CatBoost AMP predictor,reject_or_hold,misretrieval_or_out_of_scope,no_main_amp_binary_task_evidence,False,,,,https://github.com/Ronald106/Surviv.io,True,,github_search_candidate_requires_manual_verification
cdGAN,reject_or_hold,misretrieval_or_out_of_scope,non_binary_or_secondary_peptide_task,False,antimicrobial peptide design (generative model with classifier),10.1093/bib/bbaf500,41137855,https://github.com/aretiz/amp_de_novo_design_cdGAN,False,,"Generative model, not a direct AMP predictor; Classifier weights not explicitly provided as standalone predictor"
CDPfold,reject_or_hold,misretrieval_or_out_of_scope,no_main_amp_binary_task_evidence,False,,,,https://github.com/zhangch994/CDPfold,True,,
CellPPD,reject_or_hold,misretrieval_or_out_of_scope,no_main_amp_binary_task_evidence,False,AMyP prediction / cell-penetrating peptide prediction,10.1021/acs.biochem.6c00132,42045115,not_reported_in_available_evidence,True,,review_only; original_paper_needed
Co-AMPpred GitHub repository,reject_or_hold,misretrieval_or_out_of_scope,no_main_amp_binary_task_evidence,False,,,,https://github.com/onkarS23/CoAMPpred,True,,
CoAMPpred,reject_or_hold,misretrieval_or_out_of_scope,no_main_amp_binary_task_evidence,False,,,,https://github.com/onkarS23/CoAMPpred,True,,
COGclassifier,reject_or_hold,misretrieval_or_out_of_scope,no_main_amp_binary_task_evidence,False,,,,https://github.com/moshi4/COGclassifier,True,,
COMPASS database,reject_or_hold,misretrieval_or_out_of_scope,no_main_amp_binary_task_evidence,False,,,,https://github.com/aaronpk/Compass,True,,
ConsAMPHemo,reject_or_hold,misretrieval_or_out_of_scope,non_binary_or_secondary_peptide_task,False,hemolysis prediction of antimicrobial peptides,10.1002/pro.70087,40519190,https://github.com/Cpillar/ConsAMPHemo,False,,任务为溶血预测，非AMP活性预测，不属于AMP benchmark直接范畴
CPPMechPred,reject_or_hold,misretrieval_or_out_of_scope,explicit_scope_or_task_exclusion,False,CPP uptake mechanism prediction (binary classification: endocytosis vs direct translocation),10.21203/rs.3.rs-8642513/v2,,https://github.com/Misterbra/cpp-mechanism-predictor,False,,"out_of_scope: predicts CPP uptake mechanism, not antimicrobial activity"
cvfs_hfe,reject_or_hold,misretrieval_or_out_of_scope,explicit_scope_or_task_exclusion,False,bacteriocin prediction,10.3389/fbinf.2025.1694009,41377699,https://github.com/suraiya14/cvfs_hfe,False,,not_AMP_model; targets_bacteriocins_only
DBAASP,reject_or_hold,misretrieval_or_out_of_scope,ambiguous_model_identity_or_database_platform,False,antimicrobial peptide activity prediction,10.1002/2211-5463.13847,38877295,not_reported_in_available_evidence,True,,"Review mentions tool, but no detailed performance data in this source"
dbAMP,reject_or_hold,misretrieval_or_out_of_scope,ambiguous_model_identity_or_database_platform,False,AMP prediction and classification,10.3390/ijms22052643,33807972,not_reported_in_available_evidence,True,,webserver_only; no_algorithm_details
dbAMP 3.0 web server,reject_or_hold,misretrieval_or_out_of_scope,no_main_amp_binary_task_evidence,False,,,,https://github.com/Nate0634034090/bug-free-memory,True,,github_search_candidate_requires_manual_verification
DDM GitHub,reject_or_hold,misretrieval_or_out_of_scope,no_main_amp_binary_task_evidence,False,,,,https://github.com/DDM-Mzp/ddm.github.io,True,,github_search_candidate_requires_manual_verification
Deep-AmPEP30 web server,reject_or_hold,misretrieval_or_out_of_scope,no_main_amp_binary_task_evidence,False,,,,https://github.com/Chonwai/Deep_AmPEP30_R,True,,
deep_AMPpred,reject_or_hold,misretrieval_or_out_of_scope,no_main_amp_binary_task_evidence,False,,,,https://github.com/JunZhao-hash/deep_AMPpred,True,,
Deep attention based variational autoencoder,reject_or_hold,misretrieval_or_out_of_scope,non_binary_or_secondary_peptide_task,False,AMP generation,10.1101/2022.07.08.499340,,not_reported_in_available_evidence,False,,Not an AMP prediction or classification model
Deep-AVPiden,reject_or_hold,misretrieval_or_out_of_scope,non_binary_or_secondary_peptide_task,False,antiviral peptide prediction,10.1038/s41598-022-08876-9,37608092,not_reported_in_available_evidence,True,,"Task specificity: antiviral peptide prediction, not general antimicrobial peptide classification; may not fit standard AMP benchmarks unless they include antiviral subset."
deep-belief-network,reject_or_hold,misretrieval_or_out_of_scope,no_main_amp_binary_task_evidence,False,,,,https://github.com/albertbup/deep-belief-network,True,,
Deep learning-based AMP design for oral pathogens,reject_or_hold,misretrieval_or_out_of_scope,non_binary_or_secondary_peptide_task,False,antimicrobial peptide design,10.1016/j.identj.2025.104426,,not_reported_in_available_evidence,False,,"task is design rather than classification, may not be directly comparable to AMP prediction benchmarks; no code or weights available; no dataset information"
DeepAFP,reject_or_hold,misretrieval_or_out_of_scope,non_binary_or_secondary_peptide_task,False,antifungal peptide prediction (AFP identification),10.1002/pro.4758,37595093,not_reported_in_available_evidence,True,,code_repository_not_found; web_server_not_found; downloadable_tool_url_missing
deepAMP,reject_or_hold,misretrieval_or_out_of_scope,non_binary_or_secondary_peptide_task,False,other,10.3390/microorganisms14020394,41753681,not_reported_in_available_evidence,True,,Original paper not in this batch; details sparse; No code availability reported
DeepSeaQuence_biofilms,reject_or_hold,misretrieval_or_out_of_scope,no_main_amp_binary_task_evidence,False,,,,https://github.com/trongthucnguyen/DeepSeaQuence_biofilms,True,,
DL-QSARES,reject_or_hold,misretrieval_or_out_of_scope,non_binary_or_secondary_peptide_task,False,antifungal peptide prediction/design,10.1002/advs.202412488,39921483,not_reported_in_available_evidence,True,,code not available; only abstract evidence
DLFea4AMPGen,reject_or_hold,misretrieval_or_out_of_scope,non_binary_or_secondary_peptide_task,False,antimicrobial peptide design,10.1002/adma.202307680,41093853,not_reported_in_available_evidence,True,,no code or web server available
E-CLEAP GitHub repository,reject_or_hold,misretrieval_or_out_of_scope,no_main_amp_binary_task_evidence,False,,,,https://github.com/Wangsicheng52/E-CLEAP,True,,github_search_candidate_requires_manual_verification
EBAMP,reject_or_hold,misretrieval_or_out_of_scope,non_binary_or_secondary_peptide_task,False,antimicrobial peptide design,10.1016/j.celrep.2025.116215,40906555,not_reported_in_available_evidence,True,,no code or web server available; method details not fully described
EIPpred,reject_or_hold,misretrieval_or_out_of_scope,explicit_scope_or_task_exclusion,False,E. coli inhibitory-peptide MIC regression,10.1038/s41598-025-86638-z,39920259,https://github.com/NishaBajiya/EIPpred,False,False,out_of_scope_main_amp_binary_benchmark; mic_regression_task
EnDL-HemoLyt,reject_or_hold,misretrieval_or_out_of_scope,non_binary_or_secondary_peptide_task,False,AMP toxicity prediction,10.3390/ijms26157387,40806517,not_reported_in_available_evidence,True,,lack of original publication details from review
esm,reject_or_hold,misretrieval_or_out_of_scope,no_main_amp_binary_task_evidence,False,,,,https://github.com/standard-things/esm,True,,
ESM2-AFPpred,reject_or_hold,misretrieval_or_out_of_scope,non_binary_or_secondary_peptide_task,False,AMP prediction / antimicrobial peptide classification,10.1093/bib/bbac226,35724626,https://github.com/DongYin521/AFP_DL,True,,specific to antifungal peptides; removed from main AMP benchmark; no pre-trained weights
FMT-MetagenomicData,reject_or_hold,misretrieval_or_out_of_scope,no_main_amp_binary_task_evidence,False,,,,https://github.com/pointwei/FMT-MetagenomicData,True,,
FungiGuard,reject_or_hold,misretrieval_or_out_of_scope,non_binary_or_secondary_peptide_task,False,antifungal peptide classification,10.1186/s13059-026-03983-6,41645295,not_reported_in_available_evidence,True,,code not available in the provided evidence
Generative AMP pipeline (VINCI),reject_or_hold,misretrieval_or_out_of_scope,non_binary_or_secondary_peptide_task,False,AMP generation and MIC prediction,10.64898/2026.06.16.732639,,not_reported_in_available_evidence,True,,code link not found in abstract; full text needed for repository access
Generative approach for precision antimicrobial peptide design,reject_or_hold,misretrieval_or_out_of_scope,non_binary_or_secondary_peptide_task,False,AMP prediction / antimicrobial peptide design,10.1101/2020.10.02.324087,30255784,not_reported_in_available_evidence,True,,"No code or data available; Preprint only (not peer-reviewed); Model details (architecture, hyperparameters) not fully described in abstract"
GPR-based antifungal peptide selectivity predictor,reject_or_hold,misretrieval_or_out_of_scope,non_binary_or_secondary_peptide_task,False,AMP prediction,10.1007/s00726-023-03245-w,40028619,not_reported_in_available_evidence,True,,Specific to antifungal peptides containing non-canonical β-amino acids; No code or data availability reported; Regression model rather than binary classifier
HAPPENN,reject_or_hold,misretrieval_or_out_of_scope,explicit_scope_or_task_exclusion,False,hemolysis_prediction,10.3390/ijms262010077,41155367,not_reported_in_available_evidence,False,,webserver_only; out_of_scope_for_AMP_benchmark
HemoPred,reject_or_hold,misretrieval_or_out_of_scope,explicit_scope_or_task_exclusion,False,hemolysis_prediction,10.3390/ijms262010077,41155367,not_reported_in_available_evidence,False,,webserver_only; out_of_scope
HMAMP,reject_or_hold,misretrieval_or_out_of_scope,non_binary_or_secondary_peptide_task,False,AMP generation / multi-objective optimization,10.1016/j.sbi.2023.102733,37992451,not_reported_in_available_evidence,True,,Code not reported in this evidence
HydraAMP,reject_or_hold,misretrieval_or_out_of_scope,non_binary_or_secondary_peptide_task,False,antimicrobial peptide design,10.1371/journal.pone.0045012,23056189,https://github.com/szczurek-lab/hydramp,True,,github_search_candidate_requires_manual_verification
iACP,reject_or_hold,misretrieval_or_out_of_scope,explicit_scope_or_task_exclusion,False,anticancer_peptide_prediction,10.1038/s41598-020-74017-9,33037295,not_reported_in_available_evidence,False,,not_amp_predictor
iAFP-fLRM,reject_or_hold,misretrieval_or_out_of_scope,non_binary_or_secondary_peptide_task,False,antifungal peptide classification,10.1016/j.bpc.2026.107591,41653519,https://github.com/blue-tsuki/iAFP-fLRM,True,,
iblapps,reject_or_hold,misretrieval_or_out_of_scope,no_main_amp_binary_task_evidence,False,,,,https://github.com/int-brain-lab/iblapps,True,,
Insect VGSC inhibitor prediction model,reject_or_hold,misretrieval_or_out_of_scope,explicit_scope_or_task_exclusion,False,other,10.1016/j.jmgm.2026.109398,41967251,not_reported_in_available_evidence,False,,task is not AMP prediction
InversePep,reject_or_hold,misretrieval_or_out_of_scope,non_binary_or_secondary_peptide_task,False,peptide inverse folding / design,10.1093/bib/bbag277,42218716,https://github.com/drugparadigm/InversePep,False,,not an AMP classifier; model is for inverse folding design; no AMP prediction task
kneaddata,reject_or_hold,misretrieval_or_out_of_scope,no_main_amp_binary_task_evidence,False,,,,https://github.com/biobakery/kneaddata,True,,
Lab,reject_or_hold,misretrieval_or_out_of_scope,no_main_amp_binary_task_evidence,False,,,,https://github.com/google-deepmind/lab,True,,
learning_sequence_motifs,reject_or_hold,misretrieval_or_out_of_scope,no_main_amp_binary_task_evidence,False,,,,https://github.com/p-koo/learning_sequence_motifs,True,,github_search_candidate_requires_manual_verification
LightGBM,reject_or_hold,misretrieval_or_out_of_scope,no_main_amp_binary_task_evidence,False,,,,https://github.com/lightgbm-org/LightGBM,True,,
LinearDisplay,reject_or_hold,misretrieval_or_out_of_scope,no_main_amp_binary_task_evidence,False,,,,https://github.com/JCVenterInstitute/LinearDisplay,True,,github_search_candidate_requires_manual_verification
LMPred_AMP_Prediction,reject_or_hold,misretrieval_or_out_of_scope,no_main_amp_binary_task_evidence,False,,,,https://github.com/williamdee1/LMPred_AMP_Prediction,True,,
LSTM-based AMP design model,reject_or_hold,misretrieval_or_out_of_scope,non_binary_or_secondary_peptide_task,False,AMP design / prediction,10.1074/jbc.m117.805499,29259134,not_reported_in_available_evidence,True,,no code available in evidence; no model weights
LysePred,reject_or_hold,misretrieval_or_out_of_scope,no_main_amp_binary_task_evidence,False,,,,https://github.com/lincubator/LysePred,True,,
macrel2020benchmark,reject_or_hold,misretrieval_or_out_of_scope,no_main_amp_binary_task_evidence,False,,,,https://github.com/BigDataBiology/macrel2020benchmark,True,,
MAPLE GitHub,reject_or_hold,misretrieval_or_out_of_scope,no_main_amp_binary_task_evidence,False,,,,https://github.com/Violet-maple/Violet-maple.github.io,True,,
MAPLE GitHub repository,reject_or_hold,misretrieval_or_out_of_scope,no_main_amp_binary_task_evidence,False,,,,https://github.com/abdulrahmanbinayub-maker/maple-github-repository,True,,
MBC-attention,reject_or_hold,misretrieval_or_out_of_scope,non_binary_or_secondary_peptide_task,False,AMP prediction (MIC regression),10.3390/ijms26157387,40806517,not_reported_in_available_evidence,True,,lack of original publication details from review
MetagenomicDC,reject_or_hold,misretrieval_or_out_of_scope,no_main_amp_binary_task_evidence,False,,,,https://github.com/IcarPA-TBlab/MetagenomicDC,True,,
MetaPepticon,reject_or_hold,misretrieval_or_out_of_scope,non_binary_or_secondary_peptide_task,False,anticancer peptide prediction from (meta)genomes,10.1371/journal.pone.0045012,23056189,https://github.com/arikanlab/MetaPepticon,True,,github_search_candidate_requires_manual_verification
MIC prediction ensemble model (BiLSTM-CNN-MBM),reject_or_hold,misretrieval_or_out_of_scope,non_binary_or_secondary_peptide_task,False,AMP prediction / MIC prediction,10.48550/arXiv.1810.11363,39262770,not_reported_in_available_evidence,True,,
ML-guided directed evolution for AMP development,reject_or_hold,misretrieval_or_out_of_scope,no_main_amp_binary_task_evidence,False,other,10.1021/cr400031z,38431124,not_reported_in_available_evidence,True,,"No code available; Limited evidence (abstract only, full-text cache mismatch); DOI mismatch with journal (likely wrong article identifier)"
MoFormer,reject_or_hold,misretrieval_or_out_of_scope,non_binary_or_secondary_peptide_task,False,AMP generation / multi-objective optimization,10.1016/j.sbi.2023.102733,37992451,https://github.com/wl-wl/MOFormer,True,,Code not reported in this evidence
msaconverter,reject_or_hold,misretrieval_or_out_of_scope,no_main_amp_binary_task_evidence,False,,,,https://github.com/linzhi2013/msaconverter,True,,
MSCMamba,reject_or_hold,misretrieval_or_out_of_scope,no_main_amp_binary_task_evidence,False,AMP activity value prediction (regression),10.1021/acs.jpcb.4c07752,39915928,not_reported_in_available_evidence,True,,No code or dataset links in evidence; full text unavailable
Multifunctional AMP Design Framework (FBGAN-enhanced),reject_or_hold,misretrieval_or_out_of_scope,non_binary_or_secondary_peptide_task,False,antimicrobial peptide classification,10.3390/ijms26157387,40806517,not_reported_in_available_evidence,True,,code not available; no web server
nov-fams-pipeline,reject_or_hold,misretrieval_or_out_of_scope,no_main_amp_binary_task_evidence,False,,,,https://github.com/AlvaroRodriguezDelRio/nov-fams-pipeline,True,,
Npx,reject_or_hold,misretrieval_or_out_of_scope,no_main_amp_binary_task_evidence,False,,,,https://github.com/zkat/npx,True,,
NSGA-II-GRU AMP designer,reject_or_hold,misretrieval_or_out_of_scope,explicit_scope_or_task_exclusion,False,AMP activity prediction (MIC),10.3390/ijms252413688,39769451,not_reported_in_available_evidence,True,,"No code or web server available; Task is MIC prediction, not binary AMP/non-AMP classification; Limited experimental validation"
PandoraGAN,reject_or_hold,misretrieval_or_out_of_scope,non_binary_or_secondary_peptide_task,False,antimicrobial peptide classification/design,10.1007/s11831-023-09933-w,37359746,not_reported_in_available_evidence,True,,no URL or code; review evidence; design rather than pure classification; original paper needed
PC6-protein-encoding-method,reject_or_hold,misretrieval_or_out_of_scope,no_main_amp_binary_task_evidence,False,,,,https://github.com/LinTzuTang/PC6-protein-encoding-method,True,,
PepCVAE,reject_or_hold,misretrieval_or_out_of_scope,non_binary_or_secondary_peptide_task,False,AMP generation,10.1016/j.sbi.2023.102733,37992451,not_reported_in_available_evidence,True,,Code not reported in this evidence
PepForge,reject_or_hold,misretrieval_or_out_of_scope,non_binary_or_secondary_peptide_task,False,antimicrobial peptide classification,10.64898/2026.05.29.728379,39705302,https://github.com/wqx1999/PepForge,True,,github_search_candidate_requires_manual_verification
PepGen 1.0,reject_or_hold,misretrieval_or_out_of_scope,non_binary_or_secondary_peptide_task,False,AMP prediction / antimicrobial peptide generation,10.1007/s00284-025-04346-3,40643674,not_reported_in_available_evidence,True,,No source code repository found; only a shortened URL provided.
PepGen 1.0 web server,reject_or_hold,misretrieval_or_out_of_scope,no_main_amp_binary_task_evidence,False,,,,https://github.com/Nate0634034090/nate.283090,True,,github_search_candidate_requires_manual_verification
PepNet web server,reject_or_hold,misretrieval_or_out_of_scope,no_main_amp_binary_task_evidence,False,,,,https://github.com/VeniQs02/pep.net-web-app,True,,github_search_candidate_requires_manual_verification
PepProtGraphAnalyzer,reject_or_hold,misretrieval_or_out_of_scope,no_main_amp_binary_task_evidence,False,,,,https://github.com/cicese-biocom/PepProtGraphAnalyzer,True,,
PeptideRanker,reject_or_hold,misretrieval_or_out_of_scope,explicit_scope_or_task_exclusion,False,general peptide bioactivity prediction (including antimicrobial),10.1371/journal.pone.0045012,23056189,not_reported_in_available_evidence,True,,not_amp_predictor
PepVAE,reject_or_hold,misretrieval_or_out_of_scope,non_binary_or_secondary_peptide_task,False,AMP prediction / antimicrobial peptide classification,10.3389/fmicb.2021.725727,34659152,not_reported_in_available_evidence,True,,github_search_candidate_requires_manual_verification
phy,reject_or_hold,misretrieval_or_out_of_scope,no_main_amp_binary_task_evidence,False,,,,https://github.com/lo-th/phy,True,,github_search_candidate_requires_manual_verification
PLUM,reject_or_hold,misretrieval_or_out_of_scope,explicit_scope_or_task_exclusion,False,antimicrobial peptide generation and classification,10.64898/2026.02.21.707214,42124643,https://github.com/priyamayur/PLUM,True,,
PLUM GitHub,reject_or_hold,misretrieval_or_out_of_scope,no_main_amp_binary_task_evidence,False,,,,https://github.com/purpleplum456/purple-plum-GitHub,True,,
PPGC-DVAE,reject_or_hold,misretrieval_or_out_of_scope,non_binary_or_secondary_peptide_task,False,antimicrobial peptide generation,10.1093/bioinformatics/btaf069,39932977,https://github.com/David-WZhao/PPGC-DVAE,False,,
PrefixProt,reject_or_hold,misretrieval_or_out_of_scope,non_binary_or_secondary_peptide_task,False,AMP generation / protein design,10.1016/j.sbi.2023.102733,37992451,not_reported_in_available_evidence,True,,Code not reported in this evidence
PrMFTP,reject_or_hold,misretrieval_or_out_of_scope,non_binary_or_secondary_peptide_task,False,"multi-functional therapeutic peptide prediction (including AMP classes like ABP, AFP, AVP, etc.)",10.1371/journal.pcbi.1010511,36094961,not_reported_in_available_evidence,True,,github_search_candidate_requires_manual_verification
PRRSV-AVPeP-ML-Omics,reject_or_hold,misretrieval_or_out_of_scope,non_binary_or_secondary_peptide_task,False,antimicrobial peptide classification,10.3389/fvets.2025.1681083,41427144,https://github.com/Wafa-Yousaf/PRRSV-AVPeP-ML-Omics,True,,
Red Sea anticancer peptide SVM model,reject_or_hold,misretrieval_or_out_of_scope,non_binary_or_secondary_peptide_task,False,anticancer peptide prediction,10.1101/2022.01.06.475234,41143210,not_reported_in_available_evidence,False,,task is anticancer peptide prediction; no code; preprint with no full text
Sequential Properties RNN model,reject_or_hold,misretrieval_or_out_of_scope,non_binary_or_secondary_peptide_task,False,AMP prediction / antimicrobial peptide classification,10.1021/acs.jcim.2c00526,35704881,https://github.com/LZW-TECH/SA-MTP,True,,"evidence_mismatch: Fulltext for this paper contains text about SA-MTP framework, unrelated to the described RNN model. Linked GitHub repository (SA-MTP) likely belongs to a different study. True model and code remain uncertain.; needs_full_text_verification"
shap,reject_or_hold,misretrieval_or_out_of_scope,no_main_amp_binary_task_evidence,False,,,,https://github.com/shap/shap,True,,github_search_candidate_requires_manual_verification
soft-neighbors-supported-clustering,reject_or_hold,misretrieval_or_out_of_scope,no_main_amp_binary_task_evidence,False,,,,https://github.com/DuannYu/soft-neighbors--supported-clustering,True,,github_search_candidate_requires_manual_verification
SSEL-CPP,reject_or_hold,misretrieval_or_out_of_scope,explicit_scope_or_task_exclusion,False,other,10.1016/j.compbiomed.2025.110668,40614519,https://github.com/ChanwooKwon/SSEL-CPP.,False,,task is not AMP prediction
StackEnPred,reject_or_hold,misretrieval_or_out_of_scope,no_main_amp_binary_task_evidence,False,,,,https://github.com/NK12131/Bankruptcy-Prediction-Using-Financial-KPIs-ML-Pipeline-with-SMOTE-PCA-Stacked-Ensemble,True,,github_search_candidate_requires_manual_verification
STAMP,reject_or_hold,misretrieval_or_out_of_scope,no_main_amp_binary_task_evidence,False,AMP activity prediction (MIC prediction),10.64898/2026.05.28.728246,42155201,not_reported_in_available_evidence,True,,No code available in abstract
StarPep,reject_or_hold,misretrieval_or_out_of_scope,no_main_amp_binary_task_evidence,False,,,,https://github.com/Grupo-Medicina-Molecular-y-Traslacional/StarPep,True,,
Top-ML,reject_or_hold,misretrieval_or_out_of_scope,explicit_scope_or_task_exclusion,False,other,10.48550/arXiv.2407.08974,40229641,not_reported_in_available_evidence,False,,task is not AMP prediction
ToxIBTL,reject_or_hold,misretrieval_or_out_of_scope,explicit_scope_or_task_exclusion,False,toxicity_prediction,10.3390/ijms262010077,41155367,not_reported_in_available_evidence,False,,webserver_only; out_of_scope
ToxinPred,reject_or_hold,misretrieval_or_out_of_scope,explicit_scope_or_task_exclusion,False,toxicity_prediction,10.3390/ijms262010077,41155367,not_reported_in_available_evidence,False,,webserver_only; out_of_scope
TP-LMMSG,reject_or_hold,misretrieval_or_out_of_scope,non_binary_or_secondary_peptide_task,False,"therapeutic peptide prediction (including AMP, antiviral, anticancer)",10.1093/bib/bbag107,41978380,https://github.com/NanjunChen37/TP_LMMSG,True,,review-level evidence; needs original paper verification
TransDecoder,reject_or_hold,misretrieval_or_out_of_scope,no_main_amp_binary_task_evidence,False,,,,https://github.com/TransDecoder/TransDecoder,True,,
Two_Level_Ensemble-classifier-chain,reject_or_hold,misretrieval_or_out_of_scope,no_main_amp_binary_task_evidence,False,,,,https://github.com/kkzheng/Two_Level_Ensemble-classifier-chain,True,,
Two-stage AVP prediction framework,reject_or_hold,misretrieval_or_out_of_scope,non_binary_or_secondary_peptide_task,False,antimicrobial peptide classification,10.1093/bib/bbae208,38706321,not_reported_in_available_evidence,True,,"fulltext mismatch: retrieved fulltext appears to be a different paper, unable to verify details"
UniAMP web server,reject_or_hold,misretrieval_or_out_of_scope,no_main_amp_binary_task_evidence,False,,,,https://github.com/Dextro86/Webasto-Ampure-Unite-Home-Assistant-custom-integration,True,,github_search_candidate_requires_manual_verification
Unnamed CVAE-diffusion AMP generator,reject_or_hold,misretrieval_or_out_of_scope,non_binary_or_secondary_peptide_task,False,AMP generation and activity prediction,10.1371/journal.pcbi.1013833,41460918,not_reported_in_available_evidence,True,,Code not available; No public web server or weights
Urchin,reject_or_hold,misretrieval_or_out_of_scope,no_main_amp_binary_task_evidence,False,,,,https://github.com/duckyb/urchin,True,,
Venomics artificial intelligence,reject_or_hold,misretrieval_or_out_of_scope,no_main_amp_binary_task_evidence,False,unknown (likely venom-related WhatsApp bot),10.1371/journal.pone.0045012,23056189,https://github.com/vynect/venom,True,,github_search_candidate_requires_manual_verification
VirSorter2,reject_or_hold,misretrieval_or_out_of_scope,no_main_amp_binary_task_evidence,False,,,,https://github.com/jiarong/VirSorter2,True,,
3D structure-based AMP activity prediction model,reject_or_hold,relevant_but_not_deployable,missing_code_repository,False,AMP prediction,10.1038/s41598-018-29566-5,30046138,not_reported_in_available_evidence,True,,abstract only; full text mismatch; no code or dataset links
ABP-Finder,reject_or_hold,relevant_but_not_deployable,missing_code_repository,False,antimicrobial peptide classification,10.3390/antibiotics11121708,36551365,not_reported_in_available_evidence,True,,"no code; no weights; webserver only, no batch inference"
ADAPT,reject_or_hold,relevant_but_not_deployable,missing_code_repository,False,antimicrobial peptide activity prediction,10.1002/advs.202518522,41532671,not_reported_in_available_evidence,True,,"no code, no dataset, abstract only"
ADAPTABLE,reject_or_hold,relevant_but_not_deployable,missing_code_repository,False,antimicrobial peptide classification,10.1016/j.ijbiomac.2025.144938,40473156,not_reported_in_available_evidence,True,,No details available; only mentioned in abstract; needs original paper
AExOp-DCS-SEQ,reject_or_hold,relevant_but_not_deployable,failed_deployment_readiness_gate,False,antimicrobial peptide classification,10.1021/acs.jcim.5c00600,40528473,https://github.com/cicese-biocom/aexop-api,True,,"dataset contamination: includes antiviral and antifungal sub-classes, violating pure AMP binary classification; no negative sample description, no download links; inappropriate for main benchmark"
AGRAMP,reject_or_hold,relevant_but_not_deployable,missing_code_repository,False,antimicrobial peptide classification,10.3389/fmicb.2024.1304044,38516021,not_reported_in_available_evidence,True,,web server URL not found in available evidence; no code repository or model weights reported
AI-driven AMP motif analysis framework,reject_or_hold,relevant_but_not_deployable,missing_code_repository,False,AMP prediction / antimicrobial peptide classification,10.1038/s41598-025-30419-1,41461873,not_reported_in_available_evidence,True,,no code available; no explicit external test dataset; no web server or downloadable weights
Akbar et al. ensemble predictor,reject_or_hold,relevant_but_not_deployable,missing_code_repository,False,antimicrobial peptide classification,10.1007/s11831-023-09933-w,37359746,not_reported_in_available_evidence,True,,no URL or code; review evidence; original paper not verified
Al-Omari 2024 AMP prediction model,reject_or_hold,relevant_but_not_deployable,missing_code_repository,False,antimicrobial peptide classification,10.1371/journal.pone.0315477,39705302,not_reported_in_available_evidence,True,,Code not available
AMAP,reject_or_hold,relevant_but_not_deployable,missing_code_repository,False,AMPs prediction,10.1093/bib/bbac343,35988923,not_reported_in_available_evidence,True,,Original code not available
AMP-CapsNet,reject_or_hold,relevant_but_not_deployable,missing_code_repository,False,AMP prediction,10.1186/s44342-026-00067-6,41654884,not_reported_in_available_evidence,True,,No code or model weights publicly available; Dataset not independently accessible
AMP-CLIP,reject_or_hold,relevant_but_not_deployable,missing_code_repository,False,antimicrobial peptide classification,10.62762/asfp.2026.132931,38308955,not_reported_in_available_evidence,True,,模型细节未知; 原始论文未提供; 代码未公开; 无网络服务器
AMP-Detector,reject_or_hold,relevant_but_not_deployable,missing_code_repository,False,antimicrobial peptide classification,10.3389/fmicb.2018.00323,39201537,not_reported_in_available_evidence,True,,无代码仓库，训练数据描述不完整
AMP-Distillation,reject_or_hold,relevant_but_not_deployable,missing_code_repository,False,AMP prediction,10.1016/j.compbiolchem.2026.109129,42155201,not_reported_in_available_evidence,True,,github_search_candidate_requires_manual_verification
AMP-DualTransnet,reject_or_hold,relevant_but_not_deployable,missing_code_repository,False,AMP prediction,10.1016/j.nexres.2026.101536,42020672,not_reported_in_available_evidence,True,,No abstract or full text; No code/data; Journal article with limited info
AMP-FreqNet,reject_or_hold,relevant_but_not_deployable,missing_code_repository,False,antimicrobial peptide classification,10.1145/3766671.3766835,,not_reported_in_available_evidence,True,,"No abstract, full text, or code available; only title evidence"
AMP-GSM,reject_or_hold,relevant_but_not_deployable,missing_code_repository,False,AMP prediction / antimicrobial peptide classification,10.3390/app13085106,41072192,not_reported_in_available_evidence,True,,no_code_available; no_dataset_link
AMP-META,reject_or_hold,relevant_but_not_deployable,missing_code_repository,False,AMP prediction (strain-specific),10.3390/ijms26157387,40806517,not_reported_in_available_evidence,True,,lack of original publication details from review
AMP-MIC,reject_or_hold,relevant_but_not_deployable,failed_deployment_readiness_gate,False,AMP prediction / antimicrobial peptide classification,10.1002/cmdc.201800204,29679519,https://github.com/jkwang93/AMP-Designer,True,,"Paper title/abstract conflict with fulltext; model named AMP-MIC is part of AMP-Designer, not a standalone AMP prediction model; needs verification of original publication."
AMP MIC predictor (CNN/RNN),reject_or_hold,relevant_but_not_deployable,missing_code_repository,False,AMP prediction,10.1038/s41467-023-42434-9,37938588,not_reported_in_available_evidence,True,,
AMP prediction by multidimensional feature embedding,reject_or_hold,relevant_but_not_deployable,missing_code_repository,False,antimicrobial peptide classification,10.3389/fgene.2022.1069558,36468005,not_reported_in_available_evidence,True,,code_not_available; weights_not_available
AMP prediction ML model,reject_or_hold,relevant_but_not_deployable,missing_code_repository,False,antimicrobial peptide classification,10.54985/peeref.2405p7278831,,not_reported_in_available_evidence,True,,"No abstract, full text, or code available; only title evidence"
AMP prediction server (biosino),reject_or_hold,relevant_but_not_deployable,missing_code_repository,False,antimicrobial peptide classification,10.1371/journal.pone.0018476,21533231,not_reported_in_available_evidence,True,,"Webserver-only, no API for batch processing; No code"
AMP prediction SVM-LZ,reject_or_hold,relevant_but_not_deployable,missing_code_repository,False,AMP prediction / antimicrobial peptide classification,10.1093/nar/gkn823,25802839,not_reported_in_available_evidence,True,,No code or model provided; Full-text cache mismatch (APD2 database article)
AMP prediction tool for aquaculture industries (Gautam et al. 2016),reject_or_hold,relevant_but_not_deployable,missing_code_repository,False,AMP prediction,10.1007/s12602-016-9215-0,27141850,not_reported_in_available_evidence,True,,Model name not specified in available evidence; No code or web server link found; Fulltext unavailable for verification
AMP-RNNpro,reject_or_hold,relevant_but_not_deployable,missing_code_repository,False,AMP identification,10.1038/s41598-024-63461-6,38839785,not_reported_in_available_evidence,True,,"No code repository; web server only, may not be suitable for large-scale offline benchmarking."
AMP scanner v.2,reject_or_hold,relevant_but_not_deployable,missing_code_repository,False,antimicrobial peptide classification,10.1021/acs.jafc.3c07217,38152984,not_reported_in_available_evidence,True,,review_only; no_url_or_code; original_paper_needed
AMP screening model based on LSTM with attention,reject_or_hold,relevant_but_not_deployable,missing_code_repository,False,antimicrobial peptide classification,10.3390/app14051936,,not_reported_in_available_evidence,True,,no code or web server available; no access to dataset; no performance metrics reported in abstract
AMP-SEMiner,reject_or_hold,relevant_but_not_deployable,missing_code_repository,False,AMP prediction / antimicrobial peptide classification,10.1016/j.celrep.2025.115773,40445833,not_reported_in_available_evidence,True,,
AMP0,reject_or_hold,relevant_but_not_deployable,missing_code_repository,False,targeted antimicrobial peptide prediction,10.1109/TCBB.2020.2999399,32750857,not_reported_in_available_evidence,True,,code not clearly available; limited training and test data details
AMPA,reject_or_hold,relevant_but_not_deployable,missing_code_repository,False,antimicrobial peptide classification,10.1038/s44320-025-00120-6,40410382,not_reported_in_available_evidence,True,,github_search_candidate_requires_manual_verification
AMPActiPred,reject_or_hold,relevant_but_not_deployable,missing_code_repository,False,antibacterial peptide classification and activity prediction,10.1002/pro.5006,38723168,not_reported_in_available_evidence,True,,code not independently available
AmpClass,reject_or_hold,relevant_but_not_deployable,missing_code_repository,False,AMPs prediction,10.1590/0001-3765202420230756,39383429,not_reported_in_available_evidence,True,,No code or web server available; Dataset source not disclosed
AMPDiscover,reject_or_hold,relevant_but_not_deployable,missing_code_repository,False,AMP prediction / antimicrobial peptide classification,10.1021/acs.jcim.1c00251,34081438,not_reported_in_available_evidence,True,,No code repository available; only web server provided.
AmPEP,reject_or_hold,relevant_but_not_deployable,missing_code_repository,False,AMP prediction,10.1038/s41598-018-19752-w,35305010,,True,,"no code, review only"
AMPER,reject_or_hold,relevant_but_not_deployable,missing_code_repository,False,AMP prediction,10.1093/database/baab012,35305010,not_reported_in_available_evidence,True,,original paper not provided; details rely on this reference
AmpHGT,reject_or_hold,relevant_but_not_deployable,missing_code_repository,False,antimicrobial peptide classification,10.1186/s12915-025-02253-4,40598389,not_reported_in_available_evidence,True,,Code not available
AMPidentifier,reject_or_hold,relevant_but_not_deployable,missing_code_repository,False,antimicrobial peptide classification,10.1021/acs.chemrev.9b00145,39709489,not_reported_in_available_evidence,True,,No publicly available code or web server; Limited details on algorithm in abstract
AMPlify_bal,reject_or_hold,relevant_but_not_deployable,missing_code_repository,False,AMP prediction,10.1128/spectrum.01504-25,40891852,not_reported_in_available_evidence,True,,original_paper_needed
AMPlify_imbal,reject_or_hold,relevant_but_not_deployable,missing_code_repository,False,AMP prediction,10.1128/spectrum.01504-25,40891852,not_reported_in_available_evidence,True,,original_paper_needed
amppred,reject_or_hold,relevant_but_not_deployable,missing_code_repository,False,AMP prediction / antimicrobial peptide classification,10.1016/j.ijbiomac.2025.144444,40871016,not_reported_in_available_evidence,True,,needs_original_publication
AMPpred-AAIW,reject_or_hold,relevant_but_not_deployable,missing_code_repository,False,antimicrobial peptide classification,10.1142/S0219720023500063,37120707,not_reported_in_available_evidence,True,,
AMPpred-DLFF,reject_or_hold,relevant_but_not_deployable,missing_code_repository,False,AMP prediction,10.1109/BIBM62325.2024.10822504,39769451,not_reported_in_available_evidence,True,,No code or web server available; Dataset details not reported in abstract; Only abstract-level evidence
AMPpred-EL,reject_or_hold,relevant_but_not_deployable,missing_code_repository,False,AMP prediction / antimicrobial peptide classification,10.1016/j.compbiomed.2022.105577,35576825,not_reported_in_available_evidence,True,,"no code, no details"
AMPpred-MFA,reject_or_hold,relevant_but_not_deployable,missing_code_repository,False,antimicrobial peptide classification,10.1021/acs.jcim.3c01017.s001,,not_reported_in_available_evidence,True,,
AMPPRED15,reject_or_hold,relevant_but_not_deployable,missing_code_repository,False,antimicrobial peptide classification,10.1089/adt.2025.011,40139786,not_reported_in_available_evidence,True,,"No code, web server, or dataset link found in abstract; full text may be needed for complete benchmark assessment."
AMPpredictor,reject_or_hold,relevant_but_not_deployable,missing_code_repository,False,AMP prediction / antimicrobial peptide classification,10.1093/nar/gkae1019,39540425,not_reported_in_available_evidence,True,,code not independently available
AMPpredMFA,reject_or_hold,relevant_but_not_deployable,missing_code_repository,False,AMP prediction,10.3390/ijms26157387,40806517,not_reported_in_available_evidence,True,,lack of original publication details from review
AMPTrans-lstm,reject_or_hold,relevant_but_not_deployable,missing_code_repository,False,AMP prediction / antimicrobial peptide classification,10.1016/j.csbj.2022.12.029,36618982,not_reported_in_available_evidence,True,,"Primary purpose is AMP generation, not classification; no standard benchmark testing; no code available"
AniAMPpred,reject_or_hold,relevant_but_not_deployable,missing_code_repository,False,antimicrobial peptide classification,10.1093/bib/bbab242,34259329,not_reported_in_available_evidence,True,,no code available; fulltext provided does not match article (PMC12620532 is a different paper); only abstract evidence used
ANN-based AMP prediction model (ref [4]),reject_or_hold,relevant_but_not_deployable,missing_code_repository,False,AMPs prediction,10.6026/97320630013415,29379261,not_reported_in_available_evidence,True,,"No name, no code, no original paper in evidence"
ANN-based AMP prediction model (Torrent et al. 2011),reject_or_hold,relevant_but_not_deployable,missing_code_repository,False,AMP prediction,10.1371/journal.pone.0016968,21347392,not_reported_in_available_evidence,True,,No code or web server available; Uses old feature set (8 physicochemical descriptors)
Antibacterial Peptide Binary Classifier (XGBoost),reject_or_hold,relevant_but_not_deployable,missing_code_repository,False,antimicrobial peptide classification,10.1021/acsomega.6c01238,42222777,not_reported_in_available_evidence,True,,"no source code; no weights; executable only, black-box"
antibp,reject_or_hold,relevant_but_not_deployable,missing_code_repository,False,AMP prediction,10.1007/s12602-024-10402-4,39557756,not_reported_in_available_evidence,True,,needs original paper verification
AntiBP2,reject_or_hold,relevant_but_not_deployable,missing_code_repository,False,antibacterial peptide prediction,10.24272/j.issn.2095-8137.2023.246,37914524,not_reported_in_available_evidence,True,,needs_original_publication
Antimicrobial Peptide Pipeline,reject_or_hold,relevant_but_not_deployable,missing_code_repository,False,antimicrobial peptide classification,10.1016/j.micres.2024.127822,40012382,not_reported_in_available_evidence,True,,no code or weights available; no web server reported; duplicate DOIs may indicate article versioning
AntiMPmod,reject_or_hold,relevant_but_not_deployable,missing_code_repository,False,antimicrobial peptide classification,10.1093/nar/gkn254,30416494,not_reported_in_available_evidence,True,,"Fulltext content mismatch: actual fulltext retrieved is about IEDB-AR immune epitope tools, not AntiMPmod. Evidence based solely on abstract."
AntiTbPred,reject_or_hold,relevant_but_not_deployable,missing_code_repository,False,antimicrobial peptide classification,10.3389/fphar.2018.00954,30210341,not_reported_in_available_evidence,True,,
AntiVPP,reject_or_hold,relevant_but_not_deployable,missing_code_repository,False,antimicrobial peptide classification,10.1007/s11831-023-09933-w,37359746,not_reported_in_available_evidence,True,,no URL or code; review evidence; original paper not verified
AP_Sin,reject_or_hold,relevant_but_not_deployable,missing_code_repository,False,antimicrobial peptide classification,10.1038/s41467-018-03746-3,38416364,not_reported_in_available_evidence,True,,无代码仓库，训练数据未公开
APD (Antimicrobial Peptide Database),reject_or_hold,relevant_but_not_deployable,missing_code_repository,False,AMP prediction,10.3389/fmicb.2023.1125426,36834553,not_reported_in_available_evidence,True,,review_only; original_paper_needed
APD Prediction,reject_or_hold,relevant_but_not_deployable,missing_code_repository,False,antimicrobial peptide classification,10.3390/ijms22052643,33807972,not_reported_in_available_evidence,True,,original_model_paper_needed; no_weights
APEX 1.1,reject_or_hold,relevant_but_not_deployable,missing_code_repository,False,AMP prediction,not available,not available,not_reported,True,,"no code, no details"
Appred,reject_or_hold,relevant_but_not_deployable,missing_code_repository,False,antimicrobial peptide classification,10.1016/j.heliyon.2024.e36163,39247292,not_reported_in_available_evidence,True,,no code available; dataset not publicly linked
APSvr.2,reject_or_hold,relevant_but_not_deployable,missing_code_repository,False,AMP prediction,not_reported_in_available_evidence,37523405,not_reported_in_available_evidence,True,,github_search_candidate_requires_manual_verification
AVPIden,reject_or_hold,relevant_but_not_deployable,failed_deployment_readiness_gate,False,AMP prediction,10.1007/s12602-024-10402-4,39557756,https://github.com/lincubator/PepGraphormer.,True,,needs original paper verification
AVPpred,reject_or_hold,relevant_but_not_deployable,missing_code_repository,False,antimicrobial peptide classification,10.1093/database/baab012,35305010,not_reported_in_available_evidence,True,,github_search_candidate_requires_manual_verification
AxPEP3,reject_or_hold,relevant_but_not_deployable,missing_code_repository,False,AMP prediction,not_reported_in_available_evidence,34867843,not_reported_in_available_evidence,True,,"Webserver-only, no code"
Bacillus_AMP_DL_models,reject_or_hold,relevant_but_not_deployable,missing_code_repository,False,AMP prediction,10.1186/s40538-025-00751-9,34279599,not_reported_in_available_evidence,True,,no_code_repository; no_dataset_link
Bacteria-specific ML models for E. coli AMP activity,reject_or_hold,relevant_but_not_deployable,missing_code_repository,False,antimicrobial peptide classification,10.1021/acs.jcim.2c01551,36912047,not_reported_in_available_evidence,True,,"No public code or dataset; Only E. coli activity, not general AMP prediction"
BAGEL2,reject_or_hold,relevant_but_not_deployable,missing_code_repository,False,antimicrobial peptide classification,10.1093/nar/gkq365,20462861,not_reported_in_available_evidence,True,,"Specific to bacteriocins, not general AMPs; May not be directly comparable to modern ML-based AMP predictors"
BERT-based AMP prediction model,reject_or_hold,relevant_but_not_deployable,missing_code_repository,False,antimicrobial peptide classification,10.3390/ijms241210270,37373415,not_reported_in_available_evidence,True,,"No abstract, code, dataset, or performance metrics available."
BERT-based AMP recognition model,reject_or_hold,relevant_but_not_deployable,missing_code_repository,False,AMP prediction / antimicrobial peptide classification,10.1093/bib/bbab200,34037687,not_reported_in_available_evidence,True,,No code or web server available; Fulltext not available; evidence from abstract only; Dataset details unclear
BERT-GRU,reject_or_hold,relevant_but_not_deployable,missing_code_repository,False,AMP prediction,10.1109/icbbt65815.2025.11276668,not_reported_in_available_evidence,not_reported_in_available_evidence,True,,no_code; no_weights; no_dataset_link; only_abstract_available; specific_performance_numbers_missing
BERT-TextCNN-based AMP recognition tool,reject_or_hold,relevant_but_not_deployable,missing_code_repository,False,antimicrobial peptide classification,10.13345/j.cjb.220878,37154341,not_reported_in_available_evidence,True,,"No code repository or web server URL found in available evidence; full text may be misaligned, requiring verification.; GitHub links extracted from the paper (AnOxPePred, AOP_DRL) are likely to other tools, not the model itself."
Bidirectional LSTM AMP classification model (Wang2021),reject_or_hold,relevant_but_not_deployable,missing_code_repository,False,antimicrobial peptide classification,10.3390/biom11030471,33810011,not_reported_in_available_evidence,True,,"Code not publicly available in a repository, only in Supplementary Materials; unclear if code is accessible."
Bioproteom AAC AMP predictor,reject_or_hold,relevant_but_not_deployable,missing_code_repository,False,antimicrobial peptide classification,10.1002/minf.202200181,36961202,not_reported_in_available_evidence,True,,simple amino acid composition method may not be competitive with advanced models
C-PAmP classifier,reject_or_hold,relevant_but_not_deployable,missing_code_repository,False,AMP prediction,10.1038/srep24482,27075512,not_reported_in_available_evidence,True,,"evidence_mismatch: Fulltext describing C-PAmP found within DRAMP database paper (PMC3823563), likely cross-contamination from a different paper. Original source paper for C-PAmP model needs verification."
CAmidPred,reject_or_hold,relevant_but_not_deployable,missing_code_repository,False,antimicrobial peptide classification,10.21203/rs.3.rs-7764304/v1,,not_reported_in_available_evidence,True,,no code available; no full text; preprint
CAMP (Collection of Antimicrobial Peptides),reject_or_hold,relevant_but_not_deployable,missing_code_repository,False,AMP prediction,10.3389/fmicb.2023.1125426,36834553,,True,,review_only; original_paper_needed
CAMP database,reject_or_hold,relevant_but_not_deployable,missing_code_repository,False,antimicrobial peptide classification,10.1371/journal.pone.0117394,25671663,not_reported_in_available_evidence,True,,original_model_paper_needed
CAMPER,reject_or_hold,relevant_but_not_deployable,missing_code_repository,False,antimicrobial peptide classification,10.1038/s41467-026-70348-9,41803147,not_reported_in_available_evidence,True,,No code repository found; Training data from DBAASP but exact filtering/version not fully specified; No standard external benchmark dataset used
CAMPR3(RF),reject_or_hold,relevant_but_not_deployable,missing_code_repository,False,antimicrobial peptide classification,10.1093/bioinformatics/btx081,28203715,not_reported_in_available_evidence,True,,needs original paper verification
CAMPR3(SVM),reject_or_hold,relevant_but_not_deployable,missing_code_repository,False,antimicrobial peptide classification,10.1093/bioinformatics/btx081,28203715,not_reported_in_available_evidence,True,,needs original paper verification
CAMPR34,reject_or_hold,relevant_but_not_deployable,missing_code_repository,False,AMP prediction,not_reported_in_available_evidence,34867843,not_reported_in_available_evidence,True,,"Webserver-only, no code"
CAMPR4,reject_or_hold,relevant_but_not_deployable,missing_code_repository,False,antimicrobial peptide prediction,10.2174/1381612828666220817163339,35980058,not_reported_in_available_evidence,True,,Evidence from a review article; full text of the review not available to confirm details; Needs verification of current status and exact model versions
CAST,reject_or_hold,relevant_but_not_deployable,missing_code_repository,False,antimicrobial peptide classification,10.1101/2025.07.16.665042,,not_reported_in_available_evidence,True,,"No code repository or model weights provided; Training dataset not explicitly linked; Preprint only, not peer-reviewed"
CF-AMP prediction,reject_or_hold,relevant_but_not_deployable,missing_code_repository,False,AMP prediction,10.1101/2022.11.16.516845,42020672,not_reported_in_available_evidence,True,,"No code or data availability; Preprint, not peer-reviewed; Only abstract evidence"
CG-AMP,reject_or_hold,relevant_but_not_deployable,missing_code_repository,False,antimicrobial peptide classification,10.1038/s41598-025-29666-z,41286313,not_reported_in_available_evidence,True,,Code not available
Chang et al. AVP predictor,reject_or_hold,relevant_but_not_deployable,missing_code_repository,False,antimicrobial peptide classification,10.1007/s11831-023-09933-w,37359746,not_reported_in_available_evidence,True,,no URL or code; review evidence; original paper not verified
Characterization and Identification of Natural Antimicrobial Peptides on Different Organisms,reject_or_hold,relevant_but_not_deployable,missing_code_repository,False,antimicrobial peptide classification,10.1089/cmb.1995.2.473,32024233,not_reported_in_available_evidence,True,,No code available; Dataset not specified; No standard model name
ChatGPT-based AMP classifier,reject_or_hold,relevant_but_not_deployable,missing_code_repository,False,antimicrobial peptide classification,10.1038/s41598-026-49612-x,42168313,not_reported_in_available_evidence,True,,"proprietary model (ChatGPT), no custom training or released code; no independent dataset provided"
CL-ACP,reject_or_hold,relevant_but_not_deployable,missing_code_repository,False,AMP prediction / antimicrobial peptide classification,10.1186/s12859-021-04433-9,34670488,not_reported_in_available_evidence,True,,No code repository or web server provided
ClassAMP,reject_or_hold,relevant_but_not_deployable,missing_code_repository,False,antimicrobial peptide classification,10.24272/j.issn.2095-8137.2023.246,37914524,not_reported_in_available_evidence,True,,needs_original_publication
CLASSAMP5,reject_or_hold,relevant_but_not_deployable,missing_code_repository,False,AMP prediction,not_reported_in_available_evidence,34867843,not_reported_in_available_evidence,True,,"Webserver-only, no code"
CNN-based AMP hemolytic activity predictor,reject_or_hold,relevant_but_not_deployable,missing_code_repository,False,hemolytic activity prediction,10.1109/TCBB.2020.2977335,39604856,not_reported_in_available_evidence,True,,No model name or code provided; fulltext evidence mismatch (DBAASP article) may indicate metadata error
Collaborative Filtering and Link Prediction model,reject_or_hold,relevant_but_not_deployable,missing_code_repository,False,antimicrobial peptide classification,10.1021/acs.jcim.3c00137,,not_reported_in_available_evidence,True,,"No abstract, full text, or code available; only title evidence"
COMDEL,reject_or_hold,relevant_but_not_deployable,missing_code_repository,False,AMP prediction,10.1016/j.apsb.2024.05.003,39234615,not_reported_in_available_evidence,True,,
Computational AMP prediction from proteomes (Monsalve et al.),reject_or_hold,relevant_but_not_deployable,missing_code_repository,False,AMP prediction / antimicrobial peptide classification,10.1111/CBDD.13023,38488950,not_reported_in_available_evidence,True,,No code or web server URL provided; AI tools and software details not described in abstract; Full text unavailable; cannot verify methodology
CSAMPPRED,reject_or_hold,relevant_but_not_deployable,missing_code_repository,False,AMPs classification,10.1093/bib/bbac343,35988923,not_reported_in_available_evidence,True,,Original code not available; Web server link not reported in evidence
CTCM-Neo & ConformaX-PEP framework,reject_or_hold,relevant_but_not_deployable,missing_code_repository,False,antimicrobial peptide classification (antimalarial),10.3389/fcimb.2026.1707267,41859462,not_reported_in_available_evidence,True,,no code repository link; no full text available; antimalarial-specific may limit general AMP benchmark
DBAASP APP tool,reject_or_hold,relevant_but_not_deployable,missing_code_repository,False,AMP prediction / antimicrobial peptide classification,10.1093/bioinformatics/bty1023,30561507,not_reported_in_available_evidence,True,,"Evidence is from a commentary letter, not the original model publication; details of the algorithm and training are not provided.; Code/weights not available; web server link not explicitly given in this evidence."
DBAASP microbial strain-specific AMP predictor,reject_or_hold,relevant_but_not_deployable,missing_code_repository,False,antimicrobial peptide classification,10.1093/database/bay025,35724561,not_reported_in_available_evidence,True,,No code repository found; Full text misaligned; needs verification; Training dataset details not confirmed
DBAASP_MSS_AMP_predictor,reject_or_hold,relevant_but_not_deployable,missing_code_repository,False,AMP prediction,10.1093/bib/bbac233,35724561,not_reported_in_available_evidence,True,,
DBAASP v3 prediction tools,reject_or_hold,relevant_but_not_deployable,missing_code_repository,False,AMP prediction / antimicrobial peptide classification,10.1093/nar/gkaa991,33151284,not_reported_in_available_evidence,True,,webserver_only; no_downloadable_model; batch_inference_not_confirmed
DBAASP6,reject_or_hold,relevant_but_not_deployable,missing_code_repository,False,AMP prediction,not_reported_in_available_evidence,34867843,not_reported_in_available_evidence,True,,"Webserver-only, no code"
dbAMP 2.0 AMP scanning tool,reject_or_hold,relevant_but_not_deployable,missing_code_repository,False,AMP prediction,10.1099/jgv.0.001661,34850155,not_reported_in_available_evidence,True,,方法学不确定，可能不是机器学习模型，透明性低
Decision tree model for antimicrobial peptide activity prediction,reject_or_hold,relevant_but_not_deployable,missing_code_repository,False,AMP prediction,10.1128/AEM.02804-12,23455341,not_reported_in_available_evidence,True,,
Deep-ABPpred,reject_or_hold,relevant_but_not_deployable,missing_code_repository,False,antimicrobial peptide classification,10.1016/j.colsurfb.2020.110835,32033885,not_reported_in_available_evidence,True,,Original paper not identified in this evidence; Web server URL not provided; No code repository or dataset information
Deep-AmPEP30,reject_or_hold,relevant_but_not_deployable,missing_code_repository,False,AMP prediction,10.1016/j.omtn.2020.05.006,32464552,not_reported_in_available_evidence,True,,code not available; no dataset link provided
Deep-AVPpred,reject_or_hold,relevant_but_not_deployable,missing_code_repository,False,antimicrobial peptide classification,10.1093/bib/bbaf084,40063348,not_reported_in_available_evidence,True,,no URL or code; review evidence; original paper needed
Deep learning model for AMP discovery from ruminant gastrointestinal microbiomes,reject_or_hold,relevant_but_not_deployable,missing_code_repository,False,AMP prediction,10.1016/j.jare.2025.01.005,39756573,not_reported_in_available_evidence,True,,No code or model weights provided; Dataset not publicly linked; Full-text cache mismatch (PMCID may be incorrect)
Deep2Pep,reject_or_hold,relevant_but_not_deployable,missing_code_repository,False,antimicrobial peptide classification,10.1016/j.compbiolchem.2024.108021,38308955,not_reported_in_available_evidence,True,,代码未公开; 训练数据集未说明; 无网络服务器
DeepPepQSAR,reject_or_hold,relevant_but_not_deployable,missing_code_repository,False,AMP prediction / antimicrobial peptide classification,10.1007/s11030-026-11665-5,42435194,not_reported_in_available_evidence,True,,no code or data available from abstract
DMAMP,reject_or_hold,relevant_but_not_deployable,missing_code_repository,False,AMP detection and multi-activity prediction,10.1109/TCBB.2024.3439541,39106141,not_reported_in_available_evidence,True,,"Code not available; Dataset not specified; Fulltext excerpt mismatched, true details unverified"
EFC-FCBF,reject_or_hold,relevant_but_not_deployable,missing_code_repository,False,AMP prediction,10.1093/database/baab012,35305010,not_reported_in_available_evidence,True,,"no code, review only"
Embedded-AMP,reject_or_hold,relevant_but_not_deployable,missing_code_repository,False,AMP prediction / antimicrobial peptide classification,10.1016/0022-2836(92)90556-Y,36671338,not_reported_in_available_evidence,True,,web_server_url not provided in available evidence
ENNAVIA,reject_or_hold,relevant_but_not_deployable,missing_code_repository,False,antimicrobial peptide classification,10.1093/bib/bbaf084,40063348,not_reported_in_available_evidence,True,,no URL or code; review evidence; original paper needed
Ensemble-AMPPred,reject_or_hold,relevant_but_not_deployable,missing_code_repository,False,antimicrobial peptide classification,10.1002/2211-5463.13847,38877295,not_reported_in_available_evidence,True,,"Review mentions tool, but no detailed performance data in this source"
ESMFold + ESM-2 graph deep learning AMP predictor,reject_or_hold,relevant_but_not_deployable,missing_code_repository,False,AMP prediction,10.1021/acs.jcim.3c02061.s001,,not_reported_in_available_evidence,True,,No abstract or full text available; only supplementary material DOI.; No code or dataset links.
Evolutionary feature weighting approach for AMP classification,reject_or_hold,relevant_but_not_deployable,missing_code_repository,False,antimicrobial peptide classification,10.1186/s12864-018-5030-1,30255784,not_reported_in_available_evidence,True,,No code repository or web server found; Model has no distinct name; only described as an evolutionary feature weighting approach
FIRM-AVP,reject_or_hold,relevant_but_not_deployable,missing_code_repository,False,antimicrobial peptide classification,10.1007/s11831-023-09933-w,37359746,not_reported_in_available_evidence,True,,no URL or code; review evidence; original paper not verified
Gabere&Noble AMP predictor,reject_or_hold,relevant_but_not_deployable,missing_code_repository,False,AMPs prediction,10.1093/bib/bbac343,35988923,not_reported_in_available_evidence,True,,No model details; Original code not available
GAC-BiTCNN-AMP,reject_or_hold,relevant_but_not_deployable,missing_code_repository,False,AMP prediction,10.1038/s41598-026-43370-6,41844874,not_reported_in_available_evidence,True,,code not reported
GAC-BTCNN-Pred,reject_or_hold,relevant_but_not_deployable,missing_code_repository,False,antimicrobial peptide classification / defensin prediction,10.1016/j.ijbiomac.2025.148336,41130478,not_reported_in_available_evidence,True,,code and model weights not publicly available; training dataset details missing
Host defense peptide selectivity Random Forest model,reject_or_hold,relevant_but_not_deployable,missing_code_repository,False,antimicrobial peptide classification,10.1016/j.ygeno.2021.08.023,34480984,not_reported_in_available_evidence,True,,no code or dataset links available
hydramp,reject_or_hold,relevant_but_not_deployable,missing_code_repository,False,AMP prediction,10.1007/s12602-024-10402-4,39557756,not_reported_in_available_evidence,True,,Code not reported in this evidence
iAMP-2L,reject_or_hold,relevant_but_not_deployable,missing_code_repository,False,AMP identification and functional type classification,10.1016/j.ab.2013.01.019,35988923,,True,,Original code not available; Web server not reported in evidence
iAMP-CA2L,reject_or_hold,relevant_but_not_deployable,missing_code_repository,False,antimicrobial peptide identification,10.1093/bib/bbab209,,,True,,"no code, no details"
IAMPE,reject_or_hold,relevant_but_not_deployable,missing_code_repository,False,AMP prediction,10.1007/978-1-0716-3441-7_18,37676607,not_reported,True,,"dual AMP/hemolysis predictor, no details"
iAMPpred,reject_or_hold,relevant_but_not_deployable,missing_code_repository,False,AMP prediction,10.3390/antibiotics14121263,41463765,not_reported_in_available_evidence,True,,needs original paper verification
iAMPred,reject_or_hold,relevant_but_not_deployable,missing_code_repository,False,AMP prediction,10.1093/database/baab012,35305010,not_reported_in_available_evidence,True,,review_only; original_paper_needed
iDPF-PseRAAAC,reject_or_hold,relevant_but_not_deployable,missing_code_repository,False,antimicrobial peptide classification,10.1371/journal.pone.0145541,26713618,not_reported_in_available_evidence,True,,no code; no weights; defensin-specific; dataset negative samples N/A
iDVIP,reject_or_hold,relevant_but_not_deployable,missing_code_repository,False,antimicrobial peptide classification,10.1093/bib/bbaf084,40063348,not_reported_in_available_evidence,True,,no URL or code; review evidence; original paper needed
ISCAPE,reject_or_hold,relevant_but_not_deployable,missing_code_repository,False,AMP prediction / anti-E. coli activity classification,10.1016/j.jmgm.2025.109188,41072192,not_reported_in_available_evidence,True,,no_code_available; no_dataset_link
LABAMPs,reject_or_hold,relevant_but_not_deployable,missing_code_repository,False,antimicrobial peptide classification,10.3389/fbinf.2023.1216362,37521317,not_reported_in_available_evidence,True,,only review evidence; no code or server found
LABAMPsGCN,reject_or_hold,relevant_but_not_deployable,missing_code_repository,False,AMP prediction,not available,not available,not_reported,True,,"no code, no details"
Linear cationic AMP prediction method,reject_or_hold,relevant_but_not_deployable,missing_code_repository,False,AMP prediction,10.1021/ci4007003,24730612,not_reported_in_available_evidence,True,,abstract only; full text mismatch; no code repository
LM_pred (BFD),reject_or_hold,relevant_but_not_deployable,missing_code_repository,False,AMP prediction,10.1021/acs.jcim.4c00507,39316765,not_reported_in_available_evidence,True,,原始论文未检索，证据来自综述，需要验证
LSTM-based AMP classifier/generator,reject_or_hold,relevant_but_not_deployable,missing_code_repository,False,AMP prediction / antimicrobial peptide classification,10.1016/j.diagmicrobio.2004.02.008,33810011,not_reported_in_available_evidence,True,,code not available; no web server reported
Macrel,reject_or_hold,relevant_but_not_deployable,missing_code_repository,False,antimicrobial peptide classification,10.1002/2211-5463.13847,38877295,not_reported_in_available_evidence,True,,"Review mentions tool, but no detailed performance data in this source"
Malebary-Khan AMP predictor,reject_or_hold,relevant_but_not_deployable,missing_code_repository,False,antimicrobial peptide classification,10.32604/cmc.2021.015041,38391554,not_reported_in_available_evidence,True,,Code and dataset not available; No web server or detailed algorithm description
MCL-AMP,reject_or_hold,relevant_but_not_deployable,missing_code_repository,False,AMP prediction,not_reported_in_available_evidence,not_reported_in_available_evidence,not_reported_in_available_evidence,True,,code not available; training data not reported; no external test details
Meta-iAVP,reject_or_hold,relevant_but_not_deployable,missing_code_repository,False,antimicrobial peptide classification,10.1093/bib/bbaf084,40063348,not_reported_in_available_evidence,True,,no URL or code; review evidence; original paper needed
MLAMP,reject_or_hold,relevant_but_not_deployable,missing_code_repository,False,AMPs prediction,10.1093/bib/bbac343,35988923,not_reported_in_available_evidence,True,,Original code not available
MLBP,reject_or_hold,relevant_but_not_deployable,missing_code_repository,False,antimicrobial peptide classification,10.1002/2211-5463.13847,38877295,not_reported_in_available_evidence,True,,"Review mentions tool, but no detailed performance data in this source"
Multi-label weighted KNN-MLR model,reject_or_hold,relevant_but_not_deployable,missing_code_repository,False,antimicrobial peptide activity prediction (multi-label classification),10.1038/s41598-017-01986-9,28526820,not_reported_in_available_evidence,True,,No code or web server available; No independent external test set
MultiPep,reject_or_hold,relevant_but_not_deployable,missing_code_repository,False,multi-label peptide bioactivity classification (potential AMP prediction),10.1093/biomethods/bpab021,34909478,not_reported_in_available_evidence,True,,The abstract does not explicitly list AMP among the 20 bioactivity classes; needs full-text verification.
Multiple alignment based AMP predictor (ref [5]),reject_or_hold,relevant_but_not_deployable,missing_code_repository,False,AMPs prediction,10.6026/97320630013415,29379261,not_reported_in_available_evidence,True,,"No name, no code, no original paper"
PCSPred,reject_or_hold,relevant_but_not_deployable,missing_code_repository,False,antimicrobial peptide classification,10.1109/NEleX59773.2023.10421222,40781463,not_reported_in_available_evidence,True,,no_code_available; no_full_text; no_dataset_details
Pep-CNN,reject_or_hold,relevant_but_not_deployable,missing_code_repository,False,AMP prediction,10.1007/978-1-0716-3441-7_18,37676607,not_reported_in_available_evidence,True,,review_only; original_paper_needed
PepAnno,reject_or_hold,relevant_but_not_deployable,missing_code_repository,False,AMP prediction,10.1371/journal.pcbi.1014369,42228741,not_reported_in_available_evidence,True,,
Peptide_Predictor,reject_or_hold,relevant_but_not_deployable,missing_code_repository,False,antimicrobial peptide classification,10.1136/egastro-2025-100253,41477025,not_reported_in_available_evidence,True,,code not available; model architecture unclear; no standardized benchmark comparison
Plant_AMP_XGBoost_framework,reject_or_hold,relevant_but_not_deployable,missing_code_repository,False,AMP prediction,10.51470/bca.2026.26.1.739,34279599,not_reported_in_available_evidence,True,,no_code_repository; no_dataset_link
PLSR-based α/β-peptide activity predictor,reject_or_hold,relevant_but_not_deployable,missing_code_repository,False,antimicrobial peptide activity prediction,10.1128/AAC.02378-12,38014670,not_reported_in_available_evidence,True,,No code or data repository provided in available evidence; Full text was not properly matched to the article in the provided evidence; only abstract-level details confirmed
PPTPP,reject_or_hold,relevant_but_not_deployable,missing_code_repository,False,antimicrobial peptide classification,10.1002/2211-5463.13847,38877295,not_reported_in_available_evidence,True,,"Review mentions tool, but no detailed performance data in this source"
Predictive and Interpretable ML Models,reject_or_hold,relevant_but_not_deployable,missing_code_repository,False,antimicrobial peptide classification,10.1021/acsomega.3c08676.s001,,not_reported_in_available_evidence,True,,"No abstract, full text, or code available; only title evidence; possibly a supporting information file"
ProtBert-NN AMP activity predictor,reject_or_hold,relevant_but_not_deployable,missing_code_repository,False,antimicrobial peptide classification,10.1007/978-3-031-99568-2_6,,not_reported_in_available_evidence,True,,no code or weights available; no dataset information; needs full text verification
ProteinBERT (for AMP classification),reject_or_hold,relevant_but_not_deployable,missing_code_repository,False,antimicrobial peptide classification,10.54254/2753-8818/2024.la18780,37373415,not_reported_in_available_evidence,True,,review_only; original_paper_needed
RF-AmPEP30,reject_or_hold,relevant_but_not_deployable,missing_code_repository,False,AMP prediction,not_reported_in_available_evidence,34867843,not_reported_in_available_evidence,True,,No weights reported
RF-based AMP prediction model (Wani et al. 2021),reject_or_hold,relevant_but_not_deployable,missing_code_repository,False,AMP prediction,10.1016/j.peptides.2005.06.003,34632545,not_reported_in_available_evidence,True,,code not public; DOI mismatch: listed DOI belongs to different article; fulltext not verified
Rough set-based AMP prediction model,reject_or_hold,relevant_but_not_deployable,missing_code_repository,False,AMP prediction,10.1111/j.1600-0757.2009.00310.x,38846578,not_reported_in_available_evidence,True,,Fulltext not matching abstract; no code or data available; specific to peri-implantitis pathogens
sAMP-PFPDeep,reject_or_hold,relevant_but_not_deployable,missing_code_repository,False,AMP prediction,not available,not available,not_reported,True,,"no code, no details"
sAMP-VGG16,reject_or_hold,relevant_but_not_deployable,missing_code_repository,False,AMP prediction,10.1002/prot.26681,38520179,Figshare (URL not provided),True,,weights not confirmed; code link not explicit; original paper needed
SenseXAMP,reject_or_hold,relevant_but_not_deployable,missing_code_repository,False,AMP prediction,10.3390/ijms26157387,40806517,not_reported_in_available_evidence,True,,lack of original publication details from review
Sequence alignment-SVM-LZ complexity model (ref [8]),reject_or_hold,relevant_but_not_deployable,missing_code_repository,False,AMPs prediction,10.6026/97320630013415,29379261,not_reported_in_available_evidence,True,,"No name, no code, no original paper"
SMEP,reject_or_hold,relevant_but_not_deployable,missing_code_repository,False,AMP prediction,not available,not available,not_reported,True,,"no code, no details"
SMO-based lantibiotic predictor,reject_or_hold,relevant_but_not_deployable,missing_code_repository,False,antimicrobial peptide classification,10.1016/j.compbiolchem.2018.10.004,30342319,not_reported_in_available_evidence,True,,Fulltext for PMID 30342319 appears to be mismatched; extracted GitHub and Zenodo links likely belong to a different article.; No code or weights available; model details need verification from correct full text.
Sparse Neural Network Models of Antimicrobial Peptide-Activity Relationships,reject_or_hold,relevant_but_not_deployable,missing_code_repository,False,AMP prediction,10.1002/minf.201600029,27870247,not_reported_in_available_evidence,True,,
StaBle-ABPpred,reject_or_hold,relevant_but_not_deployable,missing_code_repository,False,antimicrobial peptide classification (antibacterial),10.1093/bib/bbab439,34750606,not_reported_in_available_evidence,True,,code and model weights not publicly available; full-text verification needed (abstract-only evidence); training dataset details missing
StackAMP,reject_or_hold,relevant_but_not_deployable,missing_code_repository,False,AMP prediction,10.1109/tai.2024.3421176,29374199,not_reported_in_available_evidence,True,,no_full_text_access; no_abstract_available
StackDPPred,reject_or_hold,relevant_but_not_deployable,missing_code_repository,False,defensin peptide prediction,10.1016/j.ymeth.2024.08.001,39173785,not_reported_in_available_evidence,True,,
StM,reject_or_hold,relevant_but_not_deployable,missing_code_repository,False,AMP prediction,10.1007/978-1-0716-3441-7_18,37676607,not_reported,True,,no details
Target-AMP,reject_or_hold,relevant_but_not_deployable,missing_code_repository,False,antimicrobial peptide classification,10.1016/j.compbiomed.2022.106311,36410097,not_reported_in_available_evidence,True,,No code available; Training dataset not specified
Thakur et al. AVP predictor,reject_or_hold,relevant_but_not_deployable,missing_code_repository,False,antimicrobial peptide classification,10.1007/s11831-023-09933-w,37359746,not_reported_in_available_evidence,True,,no URL or code; review evidence; original paper not verified
Thomas et al. 2009 AMP prediction model,reject_or_hold,relevant_but_not_deployable,missing_code_repository,False,AMPs prediction,10.6026/97320630013415,29379261,not_reported_in_available_evidence,True,,Original paper not available; Code not available
Two-level fuzzy K-NN model (ref [7]),reject_or_hold,relevant_but_not_deployable,missing_code_repository,False,AMPs prediction,10.6026/97320630013415,29379261,not_reported_in_available_evidence,True,,"No name, no code, no original paper"
UniAMP,reject_or_hold,relevant_but_not_deployable,missing_code_repository,False,AMP prediction,10.1186/s12859-025-06033-3,39799358,not_reported_in_available_evidence,True,,"No code repository found, only web server; reproducibility may be limited."
UniDL4BioPep,reject_or_hold,relevant_but_not_deployable,missing_code_repository,False,AMP prediction,not available,not available,not_reported,True,,"no code, no details"
Unnamed AMP predictor from DRAMP 2.0,reject_or_hold,relevant_but_not_deployable,missing_code_repository,False,AMP prediction,10.1038/s41597-019-0154-y,31409791,not_reported_in_available_evidence,True,,Model name not provided; No code or web server link available; Not yet integrated into DRAMP as stated
VEIP prediction model,reject_or_hold,relevant_but_not_deployable,missing_code_repository,False,antimicrobial peptide classification (virus entry inhibitory peptides),10.1126/science.252.5009.1162,38075802,not_reported_in_available_evidence,True,,
Wang et al. AMP predictor,reject_or_hold,relevant_but_not_deployable,missing_code_repository,False,AMPs prediction,10.1093/bib/bbac343,35988923,not_reported_in_available_evidence,True,,No model details; Original code not available
Witten&Witten AMP predictor,reject_or_hold,relevant_but_not_deployable,missing_code_repository,False,AMPs prediction,10.1093/bib/bbac343,35988923,not_reported_in_available_evidence,True,,No model details; Original code not available
XGBoost AMP prediction model (Bhangu2025),reject_or_hold,relevant_but_not_deployable,missing_code_repository,False,AMP prediction,10.1002/smsc.202400579,40529865,not_reported_in_available_evidence,True,,No public code or model weights; No web server
Zare et al. AVP predictor,reject_or_hold,relevant_but_not_deployable,missing_code_repository,False,antimicrobial peptide classification,10.1007/s11831-023-09933-w,37359746,not_reported_in_available_evidence,True,,no URL or code; review evidence; original paper not verified
2022-iAMP-DL,accept,valid_main_benchmark_candidate,passed_strict_main_amp_deployment_gate,False,antimicrobial peptide classification,10.1021/acs.jafc.3c07217,38152984,https://github.com/mldlproject/2022-iAMP-DL,True,,github_search_candidate_requires_manual_verification
ACEP,accept,valid_main_benchmark_candidate,passed_strict_main_amp_deployment_gate,True,AMP binary prediction/classification,10.1186/s12864-020-06978-0,32859150,https://github.com/Fuhaoyi/ACEP,True,,pre-trained weights not confirmed
AEPMA,accept,valid_main_benchmark_candidate,passed_strict_main_amp_deployment_gate,False,peptide-microbe association prediction,10.1093/bib/bbaf334,40635189,https://github.com/ahu-bioinf-lab/AEPMA,True,,Only abstract available; No code or data links; Full text needed for verification
AI4AMP,accept,valid_main_benchmark_candidate,passed_strict_main_amp_deployment_gate,False,antimicrobial peptide classification,10.1128/msystems.00299-21,34783578,https://github.com/LinTzuTang/AI4AMP_predictor,True,,no code or data link; only mentioned in review
AMP-BERT,accept,valid_main_benchmark_candidate,passed_strict_main_amp_deployment_gate,True,AMP prediction,10.1002/pro.4529,36461699,https://github.com/GIST-CSBL/AMP-BERT.,True,,原始论文未检索，证据来自综述，无代码或服务器信息
AMP-EF,accept,valid_main_benchmark_candidate,passed_strict_main_amp_deployment_gate,False,antimicrobial peptide classification,10.46793/match.91-1.109z,39920259,https://github.com/z11code/AMP-EF,True,,
AMP Scanner,accept,valid_main_benchmark_candidate,passed_strict_main_amp_deployment_gate,False,AMP prediction,10.1007/978-1-0716-3441-7_18,37676607,https://github.com/dan-veltri/amp-scanner-v2,True,,needs full text verification; no web server provided; github_repository_requires_manual_verification
AMP Scanner v2,accept,valid_main_benchmark_candidate,passed_strict_main_amp_deployment_gate,True,AMP binary prediction/classification,10.1093/bioinformatics/bty179,29590297,https://github.com/dan-veltri/amp-scanner-v2,True,,
AMP-zGSM,accept,valid_main_benchmark_candidate,passed_strict_main_amp_deployment_gate,False,antimicrobial peptide classification,10.5220/0014457300004070,21347392,https://github.com/DemetParlakSonmez/amp-zGSM,True,,Conference paper (may not be exhaustive); Year listed as 2026 (potential future publication or error); Full text unavailable for detailed method verification
AMPBAN,accept,valid_main_benchmark_candidate,passed_strict_main_amp_deployment_gate,False,AMP prediction,10.64898/2026.01.20.700468,,https://github.com/baiwenhuim/ampban,True,,
amPEPpy,accept,valid_main_benchmark_candidate,passed_strict_main_amp_deployment_gate,True,antimicrobial peptide classification,10.1093/bioinformatics/btaa917,33135060,https://github.com/tlawrence3/amPEPpy,True,,no code
AMPfinder,accept,valid_main_benchmark_candidate,passed_strict_main_amp_deployment_gate,False,AMP discovery / prediction,10.1093/nar/gkae1019,39540425,https://github.com/abcair/AMPFinder,True,,code not independently available
Ampir,accept,valid_main_benchmark_candidate,passed_strict_main_amp_deployment_gate,False,antimicrobial peptide classification,10.1093/bioinformatics/btaa653,32683445,https://github.com/legana/ampir,True,,Original code not available
AMPlify,accept,valid_main_benchmark_candidate,passed_strict_main_amp_deployment_gate,True,antimicrobial peptide classification,10.1186/s12864-022-08310-4,35078402,https://github.com/bcgsc/AMPlify,True,,"preprint not yet peer-reviewed, full text verification needed"
AMPml,accept,valid_main_benchmark_candidate,passed_strict_main_amp_deployment_gate,False,antimicrobial peptide classification,10.1016/j.biochi.2020.11.005,33197551,https://github.com/flystar233/AMPml,True,,not_original_publication; model_details_lacking
AMPSpeciesSpecific,accept,valid_main_benchmark_candidate,passed_strict_main_amp_deployment_gate,False,antimicrobial peptide classification,10.3390/antibiotics13121113,39766503,https://github.com/bzlee-bio/AMPSpeciesSpecific,True,,
AntiBP3,accept,valid_main_benchmark_candidate,passed_strict_main_amp_deployment_gate,True,antibacterial peptide classification / antimicrobial peptide classification,10.3390/antibiotics13020168,38391554,https://gitlab.com/raghavalab/antibp3,True,,
APEX predictor,accept,valid_main_benchmark_candidate,passed_strict_main_amp_deployment_gate,False,AMP prediction,10.1101/2025.01.31.636003,39975107,https://gitlab.com/machine-biology-group-public/apex-pathogen,True,,
APIN,accept,valid_main_benchmark_candidate,passed_strict_main_amp_deployment_gate,False,AMP prediction,10.1093/bioinformatics/btx679,31870282,https://github.com/zhanglabNKU/APIN,True,,"no code, no details"
AxPEP,accept,valid_main_benchmark_candidate,passed_strict_main_amp_deployment_gate,False,AMP prediction,10.1007/s00248-025-02620-2,41315055,https://sourceforge.net/projects/axpep/,True,,
BBATProt,accept,valid_main_benchmark_candidate,passed_strict_main_amp_deployment_gate,False,antimicrobial peptide classification,10.1093/bib/bbaf593,41212592,https://github.com/Xukai-YE/BBATProt,True,,
BPFun,accept,valid_main_benchmark_candidate,passed_strict_main_amp_deployment_gate,False,antimicrobial peptide classification / bioactive peptide function prediction,10.1186/s12859-025-06190-5,40691539,https://github.com/291357657/BPFun,True,,
C_AMPs-predict,accept,valid_main_benchmark_candidate,passed_strict_main_amp_deployment_gate,True,AMP binary prediction/classification,10.1038/s41587-022-01226-0,35241840,https://github.com/mayuefine/c_AMPs-prediction,True,,
CELA-MFP,accept,valid_main_benchmark_candidate,passed_strict_main_amp_deployment_gate,True,AMP prediction / multi-functional peptide prediction,10.1093/bib/bbae348,39038935,https://github.com/WeiLab-Biology/CELA-MFP,True,,
ClaAMP,accept,valid_main_benchmark_candidate,passed_strict_main_amp_deployment_gate,False,AMP prediction / antimicrobial peptide classification,10.1016/j.foodchem.2024.142275,39626551,https://github.com/JingxiaoYu1230/GenMTAMP,True,,
CLABP,accept,valid_main_benchmark_candidate,passed_strict_main_amp_deployment_gate,False,AMP prediction / antimicrobial peptide classification,10.1093/bib/bbag335,42366619,https://github.com/IBelieve1234/CLABP,True,,
Co-AMPpred,accept,valid_main_benchmark_candidate,passed_strict_main_amp_deployment_gate,True,AMP prediction,10.1186/s12859-021-04305-2,34330209,https://github.com/onkarS23/CoAMPpred,True,,pre-trained weights not confirmed; may require training from scratch
CS-AMPpred,accept,valid_main_benchmark_candidate,passed_strict_main_amp_deployment_gate,False,Prediction of cysteine-stabilized AMPs,10.1371/journal.pone.0051444,37676607,http://sourceforge.net/projects/csamppred/,True,,review_only; original_paper_needed
CVAE-BIO,accept,valid_main_benchmark_candidate,passed_strict_main_amp_deployment_gate,False,antimicrobial peptide classification,10.1093/bib/bbag115,41849223,https://github.com/scan2030,True,,code availability unclear
Cysmotif searcher pipeline,accept,valid_main_benchmark_candidate,passed_strict_main_amp_deployment_gate,False,antimicrobial peptide classification (α-hairpinin prediction),10.3390/life11101064,39596714,https://github.com/fallandar/cysmotifsearcher,True,,"Fulltext content mismatch: actual fulltext retrieved is about cucumber transcriptome response to CGMMV, not α-hairpinin prediction. Evidence based solely on abstract.; No performance metrics reported in abstract.; No web server or code repository available.; No dedicated training dataset described."
DDM,accept,valid_main_benchmark_candidate,passed_strict_main_amp_deployment_gate,True,AMP classification,10.1093/bioinformatics/btag077,41692989,https://github.com/kww567upup/DDM,True,,
E-CLEAP,accept,valid_main_benchmark_candidate,passed_strict_main_amp_deployment_gate,False,antimicrobial peptide classification,10.1371/journal.pone.0300125,38722967,https://github.com/Wangsicheng52/E-CLEAP,True,,incomplete evidence; source paper unknown
esm-AxP-GDL,accept,valid_main_benchmark_candidate,passed_strict_main_amp_deployment_gate,False,AMP prediction,,,https://github.com/cicese-biocom/esm-AxP-GDL,True,,"no code, no details"
ExtraTree-based AMP classifiers,accept,valid_main_benchmark_candidate,passed_strict_main_amp_deployment_gate,False,AMP prediction / antimicrobial peptide classification,10.1016/S0140-6736(21)02724-0,40423878,https://github.com/agrawalpiyush-srm/AMP_MetaAnalysis,True,,
HMD-AMP,accept,valid_main_benchmark_candidate,passed_strict_main_amp_deployment_gate,True,AMP binary prediction plus multi-label target annotation,10.1038/s41551-026-01630-w,,https://github.com/ml4bio/HMD-AMP,True,,
iAMP-bert,accept,valid_main_benchmark_candidate,passed_strict_main_amp_deployment_gate,True,AMP prediction,10.1021/acs.jcim.4c00507,39316765,https://github.com/scikit-fingerprints/peptides_molecular_fingerprints_classification,True,,
iAMP-DL,accept,valid_main_benchmark_candidate,passed_strict_main_amp_deployment_gate,False,short AMP binary prediction/classification,10.1002/pmic.202300382,38837544,https://github.com/mldlproject/2022-iAMP-DL,True,,no pre-trained weights
iAMP-SeE,accept,valid_main_benchmark_candidate,passed_strict_main_amp_deployment_gate,True,antimicrobial peptide classification,10.7717/peerj.20978,41913931,https://github.com/cqw0715/iAMP-SeE.git,True,,
iAMPCN,accept,valid_main_benchmark_candidate,passed_strict_main_amp_deployment_gate,True,antimicrobial peptide classification,10.1093/bib/bbad240,37369638,https://github.com/joy50706/iAMPCN,True,,original_model_article_not_this_one; dataset_not_specified
iMFP-LG,accept,valid_main_benchmark_candidate,passed_strict_main_amp_deployment_gate,False,multi-functional peptide prediction including antimicrobial peptide classification,10.1093/gpbjnl/qzae084,39585308,https://github.com/chen-bioinfo/iMFP-LG,True,,
LMPred,accept,valid_main_benchmark_candidate,passed_strict_main_amp_deployment_gate,True,AMP prediction / antimicrobial peptide classification,10.1101/2020.07.12.199554v3,36699381,https://github.com/williamdee1/LMPred_AMP_Prediction,True,,review-level evidence; needs original paper verification
MAPLE,accept,valid_main_benchmark_candidate,passed_strict_main_amp_deployment_gate,True,AMP prediction / antimicrobial peptide classification,10.1021/acs.jcim.4c01913,39792442,https://github.com/Harkool/MAPLE,True,,
multiAMP,accept,valid_main_benchmark_candidate,passed_strict_main_amp_deployment_gate,False,antimicrobial peptide classification,10.1016/j.isci.2023.108250,38025779,https://github.com/chungcr/multiAMP.,True,,weights not provided; URL possibly invalid (trailing dot)
PepNet,accept,valid_main_benchmark_candidate,passed_strict_main_amp_deployment_gate,False,AMP prediction / anti-inflammatory peptide classification,10.1038/s42003-024-06911-1,39341947,"https://zenodo.org/records/1322351661, https://zenodo.org/records/1373425862",True,,"no code, no details"
PGAT-ABPp,accept,valid_main_benchmark_candidate,passed_strict_main_amp_deployment_gate,False,antibacterial peptide prediction,10.1021/jacsau.5c01520,41755839,https://github.com/moonseter/PGAT-ABPp,True,,review-level evidence; needs original paper verification
Pore-Forming_AMP_SVM,accept,valid_main_benchmark_candidate,passed_strict_main_amp_deployment_gate,False,antimicrobial peptide classification,10.1002/advs.202516470,41391039,https://github.com/ComputBiophys/Pore%E2%80%90Forming_AMP_SVM,True,,
PreAMP,accept,valid_main_benchmark_candidate,passed_strict_main_amp_deployment_gate,False,AMP prediction / physicochemical property prediction,10.1016/j.foodchem.2024.142275,39626551,https://github.com/JingxiaoYu1230/GenMTAMP,True,,
PyAMPA,accept,valid_main_benchmark_candidate,passed_strict_main_amp_deployment_gate,True,AMP prediction / antimicrobial peptide classification,10.1128/msystems.01358-23,38934543,https://github.com/SysBioUAB/PyAMPA,True,,
rAMPage,accept,valid_main_benchmark_candidate,passed_strict_main_amp_deployment_gate,False,antimicrobial peptide classification / discovery,10.3390/antibiotics11070952,35884206,https://github.com/bcgsc/rAMPage,True,,
SA-MTP,accept,valid_main_benchmark_candidate,passed_strict_main_amp_deployment_gate,False,AMP prediction / antimicrobial peptide classification,10.1093/bib/bbag361,42398074,https://github.com/LZW-TECH/SA-MTP.,True,,
SAMP,accept,valid_main_benchmark_candidate,passed_strict_main_amp_deployment_gate,False,antimicrobial peptide classification,10.1093/bfgp/elae046,39573886,https://github.com/wan-mlab/SAMP,True,,
sAMPpred-GAT,accept,valid_main_benchmark_candidate,passed_strict_main_amp_deployment_gate,True,antimicrobial peptide classification,10.1093/bioinformatics/btac715,36342186,https://github.com/HongWuL/sAMPpred-GAT/,True,,review-level evidence; needs original paper verification
SGAC,accept,valid_main_benchmark_candidate,passed_strict_main_amp_deployment_gate,True,antimicrobial peptide classification,10.1093/bib/bbag038,41662353,https://github.com/wyxwyx46941930/SGAC,True,,
smAMPsTK,accept,valid_main_benchmark_candidate,passed_strict_main_amp_deployment_gate,False,antimicrobial peptide classification,10.1080/07391102.2023.2235605,37464885,https://github.com/skbinfo/smAMPsTK,True,,仅基于摘要，缺乏全文验证；具体性能指标未报告；模型可能仅为SVM但未提供详细配置
SSFGM-Model,accept,valid_main_benchmark_candidate,passed_strict_main_amp_deployment_gate,False,antimicrobial peptide classification,10.1186/s12864-020-06978-0,40462515,https://github.com/ggcameronnogg/SSFGM-Model,True,,evidence only from abstract; full text mismatch suspected; pre-trained weights not confirmed; dataset not reported
TriNet,accept,valid_main_benchmark_candidate,passed_strict_main_amp_deployment_gate,False,antimicrobial peptide classification,10.1016/j.xpro.2023.102541,37660298,https://github.com/hjy23/TriNet,True,,code not available; dataset not specified in this protocol; possible confusion between original paper (2019) and protocol (2023)
TriStack,accept,valid_main_benchmark_candidate,passed_strict_main_amp_deployment_gate,False,AMP prediction,10.1007/s12602-024-10402-4,39557756,https://github.com/hjy23/TriStack,True,,needs original paper verification
UniproLcad,accept,valid_main_benchmark_candidate,passed_strict_main_amp_deployment_gate,True,AMP binary prediction/classification,10.3390/sym16040464,,https://github.com/harkic/UniproLcad,True,,no pre-trained weights
WeightedEnsemble_L3 (Anti_Cp),accept,valid_main_benchmark_candidate,passed_strict_main_amp_deployment_gate,False,antimicrobial peptide activity classification,10.1016/j.jare.2024.01.023,38266820,https://github.com/xubocheng/Anti_Cp.git,True,,
