{
    "Macrel": {
        "ACC": NaN,
        "Recall": NaN,
        "MCC": NaN,
        "AUROC": 0.8834983353776065,
        "AUPRC": 0.9822374194310578
    },
    "AMP-Scanner-v2": {
        "ACC": NaN,
        "Recall": NaN,
        "MCC": NaN,
        "AUROC": 0.6251395245005023,
        "AUPRC": 0.864923746189586
    },
    "amPEPpy": {
        "ACC": NaN,
        "Recall": NaN,
        "MCC": NaN,
        "AUROC": 0.7942013617591248,
        "AUPRC": 0.9239183439446723
    },
    "AMPlify": {
        "ACC": NaN,
        "Recall": NaN,
        "MCC": NaN,
        "AUROC": 0.7469583658890502,
        "AUPRC": 0.9207450916775394
    }
}