{
    "Macrel": {
        "ACC": NaN,
        "Recall": NaN,
        "MCC": NaN,
        "AUROC": 0.9120852730362815,
        "AUPRC": 0.9481245135692435
    },
    "AMP-Scanner-v2": {
        "ACC": NaN,
        "Recall": NaN,
        "MCC": NaN,
        "AUROC": 0.8210869635210405,
        "AUPRC": 0.7632795166676176
    },
    "amPEPpy": {
        "ACC": NaN,
        "Recall": NaN,
        "MCC": NaN,
        "AUROC": 0.8405235197527285,
        "AUPRC": 0.7578969708685204
    },
    "AMPlify": {
        "ACC": NaN,
        "Recall": NaN,
        "MCC": NaN,
        "AUROC": 0.8860446247464502,
        "AUPRC": 0.8617729195988929
    }
}