{
    "Macrel": {
        "ACC": 0.9929019422713785,
        "Recall": 0.733140655105973,
        "MCC": 0.7816284758316187,
        "AUROC": 0.8661158520742783,
        "AUPRC": 0.7270075014929146
    },
    "AMP-Scanner-v2": {
        "ACC": 0.7701203681850366,
        "Recall": 0.8981748318924111,
        "MCC": 0.20365650456791468,
        "AUROC": 0.9127884009913436,
        "AUPRC": 0.27139683858006125
    }
}