{
    "Macrel": {
        "ACC": 0.9339887640449438,
        "Recall": 0.9058988764044944,
        "MCC": 0.8693505200710013,
        "AUROC": 0.9493316816058579,
        "AUPRC": 0.9505882167367545
    },
    "AMP-Scanner-v2": {
        "ACC": 0.9627808988764045,
        "Recall": 0.9859550561797753,
        "MCC": 0.9265575326092487,
        "AUROC": 0.9918156640575685,
        "AUPRC": 0.9897446386415575
    }
}