{
    "Macrel": {
        "ACC": 0.9928849623172767,
        "Recall": 0.733140655105973,
        "MCC": 0.7811852741138019,
        "AUROC": 0.9798579452300243,
        "AUPRC": 0.8444254652842205
    },
    "AMP-Scanner-v2": {
        "ACC": 0.7701606784576217,
        "Recall": 0.8978805394990366,
        "MCC": 0.20333130009782702,
        "AUROC": 0.912768630028475,
        "AUPRC": 0.2716995662092798
    }
}