{
    "Macrel": {
        "accuracy": 0.9928849623172767,
        "precision": 0.8399558498896247,
        "recall": 0.733140655105973,
        "f1": 0.7829218106995884,
        "auc": 0.9798579452300243
    },
    "AMP-Scanner-v2": {
        "accuracy": 0.7701606784576217,
        "precision": 0.06446258126988519,
        "recall": 0.8978805394990366,
        "f1": 0.12028910686628808,
        "auc": 0.912768630028475
    }
}