{
    "Macrel": {
        "ACC": 0.9673421904504991,
        "Recall": 0.74373795761079,
        "MCC": 0.47182496418690445,
        "AUROC": 0.8668235578741925,
        "AUPRC": 0.6815417276651835
    },
    "AMP-Scanner-v2": {
        "ACC": 0.770147693552738,
        "Recall": 0.8978805394990366,
        "MCC": 0.20332198892290648,
        "AUROC": 0.9127657872717837,
        "AUPRC": 0.27169723735864837
    }
}