{
    "Macrel": {
        "ACC": 0.7906458797327395,
        "Recall": 0.4910344827586207,
        "MCC": 0.5919428773647308,
        "AUROC": 0.9401912489133585,
        "AUPRC": 0.9245183250615577
    },
    "AMP-Scanner-v2": {
        "ACC": 0.7778396436525612,
        "Recall": 0.7420689655172413,
        "MCC": 0.5413329277341533,
        "AUROC": 0.8403026497955505,
        "AUPRC": 0.8030030111213146
    }
}